id,ignore,catalog,title,description,Theme,keywords_list,version,doi,layer_unit,contact_name,contact_email,providers_list,license,constellation_list,platform,instruments_list,gsd,start_date,end_date,date_step,date_offset,date_unit,date_style,ignore_29feb,depth_list,sld_url,qml_url,main_url,url_1,url_2,url_3,url_4,url_5,url_6,url_7,url_8,url_9,url_10,url_11,url_12,url_13,url_14,url_15,url_16,url_17,url_18,url_19,url_20,url_21,url_22,url_23,url_24
no2_s5p.l3.trop.tmwm,0,openlandmap,Sentinel-5P monthly tropospheric nitrogen dioxide density,"Nitrogen Dioxide Density monthly median value May 2018 – November 2022. Derived using the [eumap package in Python](https://eumap.readthedocs.io). We derived three standard statistics: (1) 10th percentile (p10), median (m), and 90th percentile (p10).",Orthoimagery,"sentinel5,tropomi",v20221219,https://doi.org/10.5281/zenodo.7464099,µmol m-2,Yu Feng Ho,yu-feng.ho@opengeohub.org,"copernicus,opengeohub",CC-BY-SA-4.0,,sentinel-5p,tropomi,2000,2018-05-01,2022-11-30,1,,months,interval,0,,https://s3.openlandmap.org/arco/no2_s5p.l3.trop.tmwm.sld,https://s3.openlandmap.org/arco/no2_s5p.l3.trop.tmwm.qml,https://s3.openlandmap.org/arco/no2_s5p.l3.trop.tmwm_p50_2km_a_{dt}_go_epsg.4326_v20221219.tif,,,,,,,,,,,,,,,,,,,,,,,,
no2_s5p.l3.trop.tmwm.ltm,0,openlandmap,Sentinel-5P long-term tropospheric nitrogen dioxide density,"Nitrogen Dioxide Density long term quantile from monthly median value May 2018 – November 2022. Derived using the [eumap package in Python](https://eumap.readthedocs.io). We derived three standard statistics: (1) 10th percentile (p10), median (m), and 90th percentile (p10).",Orthoimagery,"sentinel5,tropomi",v20221219,https://doi.org/10.5281/zenodo.7464099,µmol m-2,Yu Feng Ho,yu-feng.ho@opengeohub.org,"copernicus,opengeohub",CC-BY-SA-4.0,,sentinel-5p,tropomi,2000,2018-05-01,2022-11-30,,,static,interval,0,,https://s3.openlandmap.org/arco/no2_s5p.l3.trop.tmwm.sld,https://s3.openlandmap.org/arco/no2_s5p.l3.trop.tmwm.qml,https://s3.openlandmap.org/arco/no2_s5p.l3.trop.tmwm.p50_p50_2km_a_{dt}_go_epsg.4326_v20221219.tif,https://s3.openlandmap.org/arco/no2_s5p.l3.trop.tmwm.p50_p10_2km_a_{dt}_go_epsg.4326_v20221219.tif,https://s3.openlandmap.org/arco/no2_s5p.l3.trop.tmwm.p50_p90_2km_a_{dt}_go_epsg.4326_v20221219.tif,,,,,,,,,,,,,,,,,,,,,,
log.oc_iso.10694,0,openlandmap,OpenLandMap annual soil organic carbon,Log organic carbon [g/kg] predicted at various soil depths,Geology and Soils,openlandmap,v20230608,,g/kg (log scale),Tom Hengl,tom.hengl@opengeohub.org,opengeohub,CC-BY-SA-4.0,,,,1000,1982-01-01,2018-12-31,1,,years,interval,0,"s,b30cm",https://s3.openlandmap.org/arco/log.oc_iso.10694.sld,https://s3.openlandmap.org/arco/log.oc_iso.10694.qml,https://s3.openlandmap.org/arco/log.oc_iso.10694_m_1km_{dp}_{dt}_go_espg.4326_v20230608.tif,,,,,,,,,,,,,,,,,,,,,,,,
evi_mod13q1.stl.trend.logit.ols.beta,0,openlandmap,MOD13Q1 long-term Enhanced Vegetation Index (EVI - trend analysis),Analysis-ready EVI trend component based on MOD13Q1 by every two months and fully gapfilled. The trend component was derived by [Season-Trend decomposition using LOESS](https://www.statsmodels.org/dev/generated/statsmodels.tsa.seasonal.STL.html#statsmodels.tsa.seasonal.STL).,Orthoimagery,"modis,mod13q1,evi",v20230608,,slope (ols),Leandro Parente,leandro.parente@opengeohub.org,"lp_daac,opengeohub",CC-BY-SA-4.0,,terra,modis,250,2000-01-01,2020-12-31,,,static,interval,0,,https://s3.openlandmap.org/arco/evi_mod13q1.stl.trend.logit.ols.beta.sld,https://s3.openlandmap.org/arco/evi_mod13q1.stl.trend.logit.ols.beta.qml,https://s3.openlandmap.org/arco/evi_mod13q1.stl.trend.logit.ols.beta_m_250m_s_{dt}_go_espg.4326_v20230608.tif,,,,,,,,,,,,,,,,,,,,,,,,
land.cover_esacci.lc.l4,0,openlandmap,ESA CCI annual land cover,Based on the European Space Agency (ESA) Climate Change Initiative (ESACCI-LC).,Land Cover and Land Use,"esacci,landcover",v20230608,,class,Tom Hengl,tom.hengl@opengeohub.org,"esa_cci,opengeohub",CC-BY-SA-4.0,,,,250,1992-01-01,2020-12-31,1,,years,interval,0,,https://s3.openlandmap.org/arco/land.cover_esacci.lc.l4.sld,https://s3.openlandmap.org/arco/land.cover_esacci.lc.l4.qml,https://s3.openlandmap.org/arco/land.cover_esacci.lc.l4_c_250m_s_{dt}_go_espg.4326_v20230608.tif,,,,,,,,,,,,,,,,,,,,,,,,
evi_mod13q1.tmwm.inpaint,0,openlandmap,MOD13Q1 bi-monthly Enhanced Vegetation Index Index (EVI),"Analysis-ready EVI based on MOD13Q1 aggregated by every two months, according to the percentile 90th, and fully gapfilled. The gapfilling was based in 1) [Temporal Moving Window Median](https://eumap.readthedocs.io/en/latest/_autosummary/eumap.gapfiller.TMWM.html#eumap.gapfiller.TMWM) algorithm, and 2) [inpating](https://eumap.readthedocs.io/en/latest/_autosummary/eumap.gapfiller.InPainting.html) technique.",Orthoimagery,"modis,mod13q1,evi",v20230608,,index,Leandro Parente,leandro.parente@opengeohub.org,"lp_daac,opengeohub",CC-BY-SA-4.0,,terra,modis,250,2000-01-01,2020-12-31,2,,months,interval,1,,https://s3.openlandmap.org/arco/evi_mod13q1.tmwm.inpaint.sld,https://s3.openlandmap.org/arco/evi_mod13q1.tmwm.inpaint.qml,https://s3.openlandmap.org/arco/evi_mod13q1.tmwm.inpaint_p.90_250m_s_{dt}_go_epsg.4326_v20230608.tif,,,,,,,,,,,,,,,,,,,,,,,,
dtm.bareearth_ensemble,0,openlandmap,OpenLandMap ensemble digital terrain model,"Derived using ALOS AW3D, GLO-30, MERITDEM, and national DTMs, considering the lower 10% quantile from all input layers. In order to create bare earth data, we used canopy height (canopy height > 2m) and standard deviation (sd > 6m) to mask building and forest in AW3D and GLO-30. ",Elevation and Depth,"alos,aw3d,glo-30,merit,dem,dtm,canopy",v20230211,https://doi.org/10.5281/zenodo.7676373,meter,Yu Feng HO,yu-feng.ho@opengeohub.org,"alos_eorc,copernicus,yamazaki_lab,opengeohub",CC-BY-SA-4.0,,,,30,2018-01-01,2018-12-31,,,static,interval,0,,https://s3.openlandmap.org/arco/dtm.bareearth_ensemble.sld,https://s3.openlandmap.org/arco/dtm.bareearth_ensemble.qml,https://s3.openlandmap.org/arco/dtm.bareearth_ensemble_p10_30m_s_{dt}_go_epsg.4326_v20230211.tif,https://s3.openlandmap.org/arco/dtm.bareearth_ensemble_std_30m_s_{dt}_go_epsg.4326_v20230211.tif,https://s3.openlandmap.org/arco/dtm.bareearth_ensemble_p10_250m_s_{dt}_go_epsg.4326_v20230211.tif,https://s3.openlandmap.org/arco/dtm.bareearth_ensemble_std_250m_s_{dt}_go_epsg.4326_v20230211.tif,,,,,,,,,,,,,,,,,,,,,
fapar_essd.lstm,0,openlandmap,Monthly fraction of absorbed photosynthetically active radiation (FAPAR),"The monthly aggregated Fraction of Absorbed Photosynthetically Active Radiation (FAPAR) dataset is derived from 250m 8d GLASS V6 FAPAR, considering several other FAPAR products (MODIS Collection 6, GLASS FAPAR V5, and PROBA-V1 FAPAR) to generate a bidirectional long-short-term memory (Bi-LSTM) model to adjust and harmonize FAPAR across two decades. The monthly aggregation includes three standard statistics: (1) 5th percentile (p05), median (p50), and 95th percentile (p95). For each month, we aggregate all composites within that month plus one composite each before and after, ending up with 5 to 6 composites for a single month depending on the number of images within that month.",Biodiversity and Nature Conservation,"glass,modis,lai,lstm,proba-v",v20230628,https://doi.org/10.5281/zenodo.8408654,index,Yu Feng HO,yu-feng.ho@opengeohub.org,"hk_geog,opengeohub",CC-BY-SA-4.0,,,,250,2000-03-01,2021-12-31,1,,months,interval,0,,https://s3.openlandmap.org/arco/fapar_essd.lstm.sld,https://s3.openlandmap.org/arco/fapar_essd.lstm.qml,https://s3.openlandmap.org/arco/fapar_essd.lstm_p50_250m_s_{dt}_go_epsg.4326_v20230628.tif,https://s3.openlandmap.org/arco/fapar_essd.lstm_p05_250m_s_{dt}_go_epsg.4326_v20230628.tif,https://s3.openlandmap.org/arco/fapar_essd.lstm_p95_250m_s_{dt}_go_epsg.4326_v20230628.tif,,,,,,,,,,,,,,,,,,,,,,
fapar_essd.lstm.p95.beta,0,openlandmap,Long-term fraction of absorbed photosynthetically active radiation (FAPAR - trend analysis),"The monthly aggregated Fraction of Absorbed Photosynthetically Active Radiation (FAPAR) dataset is derived from 250m 8d GLASS V6 FAPAR, considering several other FAPAR products (MODIS Collection 6, GLASS FAPAR V5, and PROBA-V1 FAPAR) to generate a bidirectional long-short-term memory (Bi-LSTM) model to adjust and harmonize FAPAR across two decades. The trend analysis provides OLS model for the p95 time-series including: (1) slope beta mean (p95.beta_m), p-value for beta (p95.beta_pv), intercept alpha mean (p95.alpha_m), p-value for alpha (p95.alpha_pv), and coefficient of determination R2 (p95.r2_m).",Biodiversity and Nature Conservation,"glass,modis,lai,lstm,proba-v",v20230619,https://doi.org/10.5281/zenodo.8399173,,Leandro Parente,leandro.parente@opengeohub.org,"hk_geog,opengeohub",CC-BY-SA-4.0,,,,250,2000-03-01,2021-12-31,,,static,interval,0,,https://s3.openlandmap.org/arco/fapar_essd.lstm.p95.beta.sld,https://s3.openlandmap.org/arco/fapar_essd.lstm.p95.beta.qml,https://s3.openlandmap.org/arco/fapar_essd.lstm.p95.beta_m_250m_s_{dt}_go_epsg.4326_v20230619.tif,https://s3.openlandmap.org/arco/fapar_essd.lstm.p95.beta_sd_250m_s_{dt}_go_epsg.4326_v20230619.tif,https://s3.openlandmap.org/arco/fapar_essd.lstm.p95.beta_tv_250m_s_{dt}_go_epsg.4326_v20230619.tif,https://s3.openlandmap.org/arco/fapar_essd.lstm.p95.beta_pv_250m_s_{dt}_go_epsg.4326_v20230619.tif,https://s3.openlandmap.org/arco/fapar_essd.lstm.p95.alpha_tv_250m_s_{dt}_go_epsg.4326_v20230619.tif,https://s3.openlandmap.org/arco/fapar_essd.lstm.p95.alpha_m_250m_s_{dt}_go_epsg.4326_v20230619.tif,https://s3.openlandmap.org/arco/fapar_essd.lstm.p95.alpha_pv_250m_s_{dt}_go_epsg.4326_v20230619.tif,https://s3.openlandmap.org/arco/fapar_essd.lstm.p95.alpha_sd_250m_s_{dt}_go_epsg.4326_v20230619.tif,https://s3.openlandmap.org/arco/fapar_essd.lstm.p95.r2_m_250m_s_{dt}_go_epsg.4326_v20230619.tif,,,,,,,,,,,,,,,,
pot.fapar_fapar.p95.eml.m,0,openlandmap,Annual potential fraction of absorbed photosynthetically active radiation (FAPAR - 2021),"Potential FAPAR predicted by fitting an ensemble ML model using globally distributed training points (cca 3 Mio) and a set of 52 biophysical covariates including several layers related to human pressure. The spatial layers include 1) yearly average of potential FAPAR + model deviance, 2) yearly average of FAPAR (P50). ",Biodiversity and Nature Conservation,"fapar,eml,potential",v20230929,https://doi.org/10.5281/zenodo.8404153,index,Julia Hackländer,julia.hacklaender@opengeohub.org,opengeohub,CC-BY-SA-4.0,,,,250,2021-01-01,2021-12-31,,,static,interval,0,,https://s3.openlandmap.org/arco/fapar_essd.lstm.sld,https://s3.openlandmap.org/arco/fapar_essd.lstm.qml,https://s3.openlandmap.org/arco/pot.fapar_fapar.p95.eml.m_m_250m_s_{dt}_go_epsg.4326_v20230929.tif,https://s3.openlandmap.org/arco/pot.fapar_fapar.p95.eml.md_m_250m_s_{dt}_go_epsg.4326_v20230929.tif,https://s3.openlandmap.org/arco/fapar_essd.lstm.p95_m_250m_s_{dt}_go_epsg.4326_v20230929.tif,,,,,,,,,,,,,,,,,,,,,,
pot.fapar_fapar.p95.eml,0,openlandmap,Monthly potential fraction of absorbed photosynthetically active radiation (FAPAR - 2021),"Potential FAPAR predicted every month, in 2021, by fitting an ensemble ML model using globally distributed training points (cca 3 Mio) and a set of 52 biophysical covariates including several layers related to human pressure. ",Biodiversity and Nature Conservation,"fapar,eml,potential",v20230924,https://doi.org/10.5281/zenodo.8404153,index,Julia Hackländer,julia.hacklaender@opengeohub.org,opengeohub,CC-BY-SA-4.0,,,,250,2021-01-01,2021-12-31,1,,months,interval,0,,https://s3.openlandmap.org/arco/fapar_essd.lstm.sld,https://s3.openlandmap.org/arco/fapar_essd.lstm.qml,https://s3.openlandmap.org/arco/pot.fapar_fapar.p95.eml_m_250m_s_{dt}_go_epsg.4326_v20230924.tif,,,,,,,,,,,,,,,,,,,,,,,,
snow.cover_esa.modis,0,openlandmap,ESA monthly snow cover fraction,Global MODIS-based snow cover monthly long-term (2000-2012) at 500 m. Global snow cover monthly long-term (2000–2012) P90 and standard deviation derived from the ESA CCI snow cover weekly product.,Land Cover and Land Use,"snow,modis",v1,https://doi.org/10.5281/zenodo.5774953,index,Tom Hengl,tom.hengl@opengeohub.org,"esa_cci,opengeohub",CC-BY-4.0,,,modis,1000,2000-03-01,2019-12-31,1,,months,interval,0,,https://s3.openlandmap.org/arco/snow_esa.modis.sld,https://s3.openlandmap.org/arco/snow_esa.modis.qml,https://s3.openlandmap.org/arco/snow.cover_esa.modis_p50_1km_s_{dt}_go_epsg.4326_v1.tif,https://s3.openlandmap.org/arco/snow.cover_esa.modis_p05_1km_s_{dt}_go_epsg.4326_v1.tif,https://s3.openlandmap.org/arco/snow.cover_esa.modis_p95_1km_s_{dt}_go_epsg.4326_v1.tif,,,,,,,,,,,,,,,,,,,,,,
snow.cover_esa.modis.ltm,0,openlandmap,ESA long-term snow cover fraction,Global MODIS-based snow cover monthly long-term (2000-2012) at 500 m. Global snow cover monthly long-term (2000–2012) P90 and standard deviation derived from the ESA CCI snow cover weekly product.,Land Cover and Land Use,"snow,modis",v2,https://doi.org/10.5281/zenodo.5774953,index,Tom Hengl,tom.hengl@opengeohub.org,"esa_cci,opengeohub",CC-BY-4.0,,,modis,500,2000-01-01,2012-12-31,,,static,interval,0,,https://s3.openlandmap.org/arco/snow_esa.modis.sld,https://s3.openlandmap.org/arco/snow_esa.modis.qml,https://s3.openlandmap.org/arco/snow.prob_esacci.jan_p90_500m_s_{dt}_go_epsg.4326_v2.0.tif,https://s3.openlandmap.org/arco/snow.prob_esacci.jan_sd_500m_s_{dt}_go_epsg.4326_v2.0.tif,https://s3.openlandmap.org/arco/snow.prob_esacci.feb_p90_500m_s_{dt}_go_epsg.4326_v2.0.tif,https://s3.openlandmap.org/arco/snow.prob_esacci.feb_sd_500m_s_{dt}_go_epsg.4326_v2.0.tif,https://s3.openlandmap.org/arco/snow.prob_esacci.mar_p90_500m_s_{dt}_go_epsg.4326_v2.0.tif,https://s3.openlandmap.org/arco/snow.prob_esacci.mar_sd_500m_s_{dt}_go_epsg.4326_v2.0.tif,https://s3.openlandmap.org/arco/snow.prob_esacci.apr_p90_500m_s_{dt}_go_epsg.4326_v2.0.tif,https://s3.openlandmap.org/arco/snow.prob_esacci.apr_sd_500m_s_{dt}_go_epsg.4326_v2.0.tif,https://s3.openlandmap.org/arco/snow.prob_esacci.may_p90_500m_s_{dt}_go_epsg.4326_v2.0.tif,https://s3.openlandmap.org/arco/snow.prob_esacci.may_sd_500m_s_{dt}_go_epsg.4326_v2.0.tif,https://s3.openlandmap.org/arco/snow.prob_esacci.jun_p90_500m_s_{dt}_go_epsg.4326_v2.0.tif,https://s3.openlandmap.org/arco/snow.prob_esacci.jun_sd_500m_s_{dt}_go_epsg.4326_v2.0.tif,https://s3.openlandmap.org/arco/snow.prob_esacci.jul_p90_500m_s_{dt}_go_epsg.4326_v2.0.tif,https://s3.openlandmap.org/arco/snow.prob_esacci.jul_sd_500m_s_{dt}_go_epsg.4326_v2.0.tif,https://s3.openlandmap.org/arco/snow.prob_esacci.aug_p90_500m_s_{dt}_go_epsg.4326_v2.0.tif,https://s3.openlandmap.org/arco/snow.prob_esacci.aug_sd_500m_s_{dt}_go_epsg.4326_v2.0.tif,https://s3.openlandmap.org/arco/snow.prob_esacci.sep_p90_500m_s_{dt}_go_epsg.4326_v2.0.tif,https://s3.openlandmap.org/arco/snow.prob_esacci.sep_sd_500m_s_{dt}_go_epsg.4326_v2.0.tif,https://s3.openlandmap.org/arco/snow.prob_esacci.oct_p90_500m_s_{dt}_go_epsg.4326_v2.0.tif,https://s3.openlandmap.org/arco/snow.prob_esacci.oct_sd_500m_s_{dt}_go_epsg.4326_v2.0.tif,https://s3.openlandmap.org/arco/snow.prob_esacci.nov_p90_500m_s_{dt}_go_epsg.4326_v2.0.tif,https://s3.openlandmap.org/arco/snow.prob_esacci.nov_sd_500m_s_{dt}_go_epsg.4326_v2.0.tif,https://s3.openlandmap.org/arco/snow.prob_esacci.dec_p90_500m_s_{dt}_go_epsg.4326_v2.0.tif,https://s3.openlandmap.org/arco/snow.prob_esacci.dec_sd_500m_s_{dt}_go_epsg.4326_v2.0.tif,
wilderness_li2022.human.footprint,0,openlandmap,Annual terrestrial human footprint,Dataset of annual dynamics of the global Human Footprint from 2000 to 2018 using eight variables that reflect different aspects of human pressures.,Population Distribution,"human,land,footprint",v16022022,https://doi.org/10.1038/s41597-022-01284-8,index,Haowei Mu,blackmhw@gmail.com,"china_agri,opengeohub",CC-BY-SA-4.0,,,,250,2000-01-01,2018-12-31,1,,years,interval,0,,https://s3.openlandmap.org/arco/wilderness_li2022.human.footprint.sld,https://s3.openlandmap.org/arco/wilderness_li2022.human.footprint.qml,https://s3.openlandmap.org/arco/wilderness_li2022.human.footprint_p_1km_s_{dt}_go_epsg.4326_v16022022.tif,https://s3.openlandmap.org/arco/wilderness_li2022.human.footprint_p_1km_s_{dt}_go_epsg.4326_v16022022.tif,,,,,,,,,,,,,,,,,,,,,,,
wv_mcd19a2v061.seasconv,0,openlandmap,MCD19A2 monthly water vapor,"The monthly aggregated water vapor dataset is derived from MCD19A2 v061, measuring the column above ground retrieved from MODIS near-IR bands at 0.94μm. The dataset time spans from 2000 to 2022 and provides data that covers the entire globe. The monthly aggregation considered the mean and standard deviation of daily water vapor time-series data. Only positive non-cloudy pixels were considered valid observations to derive the mean and the standard deviation. The remaining no-data values were filled using the TMWM algorithm. This dataset also includes smoothed mean and standard deviation values using the Whittaker method. The quality assessment layers and the number of valid observations for each month can provide an indication of the reliability of the monthly mean and standard deviation values.",Climate,"water,modis,mcd19a2",v20230619,https://doi.org/10.5281/zenodo.8226283,10^-3cm,Rolf Simões,rolf.simoes@opengeohub.org ,"lp_daac,opengeohub",CC-BY-SA-4.0,,,modis,1000,2000-01-01,2022-12-31,1,,months,interval,0,,https://s3.openlandmap.org/arco/wv_mcd19a2v061.sld,https://s3.openlandmap.org/arco/wv_mcd19a2v061.qml,https://s3.openlandmap.org/arco/wv_mcd19a2v061.seasconv_m_1km_s_{dt}_go_epsg.4326_v20230619.tif,https://s3.openlandmap.org/arco/wv_mcd19a2v061.seasconv_sd_1km_s_{dt}_go_epsg.4326_v20230619.tif,https://s3.openlandmap.org/arco/wv_mcd19a2v061.seasconv.qa_m_1km_s_{dt}_go_epsg.4326_v20230619.tif,https://s3.openlandmap.org/arco/wv_mcd19a2v061.seasconv.whittaker_m_1km_s_{dt}_go_epsg.4326_v20230619.tif,https://s3.openlandmap.org/arco/wv_mcd19a2v061.seasconv.whittaker_sd_1km_s_{dt}_go_epsg.4326_v20230619.tif,https://s3.openlandmap.org/arco/wv_mcd19a2v061_n_1km_s_{dt}_go_epsg.4326_v20230619.tif,,,,,,,,,,,,,,,,,,,
wv_mcd19a2v061.seasconv.m_p50,0,openlandmap,MCD19A2 long-term water vapor (perc. 50th),"The monthly aggregated water vapor dataset is derived from MCD19A2 v061, measuring the column above ground retrieved from MODIS near-IR bands at 0.94μm. The dataset time spans from 2000 to 2022 and provides data that covers the entire globe. The monthly aggregation considered the mean and standard deviation of daily water vapor time-series data. Only positive non-cloudy pixels were considered valid observations to derive the mean and the standard deviation. The remaining no-data values were filled using the TMWM algorithm. This dataset also includes smoothed mean and standard deviation values using the Whittaker method. The quality assessment layers and the number of valid observations for each month can provide an indication of the reliability of the monthly mean and standard deviation values.",Climate,"water,modis,mcd19a2",v20230619,https://doi.org/10.5281/zenodo.8226283,10^-3cm,Rolf Simões,rolf.simoes@opengeohub.org ,"lp_daac,opengeohub",CC-BY-SA-4.0,,,modis,1000,2000-01-01,2022-12-31,,,static,interval,0,,https://s3.openlandmap.org/arco/wv_mcd19a2v061.sld,https://s3.openlandmap.org/arco/wv_mcd19a2v061.qml,https://s3.openlandmap.org/arco/wv_mcd19a2v061.seasconv.m.m01_p50_1km_s_{dt}_go_epsg.4326_v20230619.tif,https://s3.openlandmap.org/arco/wv_mcd19a2v061.seasconv.m.m02_p50_1km_s_{dt}_go_epsg.4326_v20230619.tif,https://s3.openlandmap.org/arco/wv_mcd19a2v061.seasconv.m.m03_p50_1km_s_{dt}_go_epsg.4326_v20230619.tif,https://s3.openlandmap.org/arco/wv_mcd19a2v061.seasconv.m.m04_p50_1km_s_{dt}_go_epsg.4326_v20230619.tif,https://s3.openlandmap.org/arco/wv_mcd19a2v061.seasconv.m.m05_p50_1km_s_{dt}_go_epsg.4326_v20230619.tif,https://s3.openlandmap.org/arco/wv_mcd19a2v061.seasconv.m.m06_p50_1km_s_{dt}_go_epsg.4326_v20230619.tif,https://s3.openlandmap.org/arco/wv_mcd19a2v061.seasconv.m.m07_p50_1km_s_{dt}_go_epsg.4326_v20230619.tif,https://s3.openlandmap.org/arco/wv_mcd19a2v061.seasconv.m.m08_p50_1km_s_{dt}_go_epsg.4326_v20230619.tif,https://s3.openlandmap.org/arco/wv_mcd19a2v061.seasconv.m.m09_p50_1km_s_{dt}_go_epsg.4326_v20230619.tif,https://s3.openlandmap.org/arco/wv_mcd19a2v061.seasconv.m.m10_p50_1km_s_{dt}_go_epsg.4326_v20230619.tif,https://s3.openlandmap.org/arco/wv_mcd19a2v061.seasconv.m.m11_p50_1km_s_{dt}_go_epsg.4326_v20230619.tif,https://s3.openlandmap.org/arco/wv_mcd19a2v061.seasconv.m.m12_p50_1km_s_{dt}_go_epsg.4326_v20230619.tif,,,,,,,,,,,,,
wv_mcd19a2v061.seasconv.m_p25,0,openlandmap,MCD19A2 long-term water vapor (perc. 25th),"The monthly aggregated water vapor dataset is derived from MCD19A2 v061, measuring the column above ground retrieved from MODIS near-IR bands at 0.94μm. The dataset time spans from 2000 to 2022 and provides data that covers the entire globe. The monthly aggregation considered the mean and standard deviation of daily water vapor time-series data. Only positive non-cloudy pixels were considered valid observations to derive the mean and the standard deviation. The remaining no-data values were filled using the TMWM algorithm. This dataset also includes smoothed mean and standard deviation values using the Whittaker method. The quality assessment layers and the number of valid observations for each month can provide an indication of the reliability of the monthly mean and standard deviation values.",Climate,"water,modis,mcd19a2",v20230619,https://doi.org/10.5281/zenodo.8226283,10^-3cm,Rolf Simões,rolf.simoes@opengeohub.org ,"lp_daac,opengeohub",CC-BY-SA-4.0,,,modis,1000,2000-01-01,2022-12-31,,,static,interval,0,,https://s3.openlandmap.org/arco/wv_mcd19a2v061.sld,https://s3.openlandmap.org/arco/wv_mcd19a2v061.qml,https://s3.openlandmap.org/arco/wv_mcd19a2v061.seasconv.m.m01_p25_1km_s_{dt}_go_epsg.4326_v20230619.tif,https://s3.openlandmap.org/arco/wv_mcd19a2v061.seasconv.m.m02_p25_1km_s_{dt}_go_epsg.4326_v20230619.tif,https://s3.openlandmap.org/arco/wv_mcd19a2v061.seasconv.m.m03_p25_1km_s_{dt}_go_epsg.4326_v20230619.tif,https://s3.openlandmap.org/arco/wv_mcd19a2v061.seasconv.m.m04_p25_1km_s_{dt}_go_epsg.4326_v20230619.tif,https://s3.openlandmap.org/arco/wv_mcd19a2v061.seasconv.m.m05_p25_1km_s_{dt}_go_epsg.4326_v20230619.tif,https://s3.openlandmap.org/arco/wv_mcd19a2v061.seasconv.m.m06_p25_1km_s_{dt}_go_epsg.4326_v20230619.tif,https://s3.openlandmap.org/arco/wv_mcd19a2v061.seasconv.m.m07_p25_1km_s_{dt}_go_epsg.4326_v20230619.tif,https://s3.openlandmap.org/arco/wv_mcd19a2v061.seasconv.m.m08_p25_1km_s_{dt}_go_epsg.4326_v20230619.tif,https://s3.openlandmap.org/arco/wv_mcd19a2v061.seasconv.m.m09_p25_1km_s_{dt}_go_epsg.4326_v20230619.tif,https://s3.openlandmap.org/arco/wv_mcd19a2v061.seasconv.m.m10_p25_1km_s_{dt}_go_epsg.4326_v20230619.tif,https://s3.openlandmap.org/arco/wv_mcd19a2v061.seasconv.m.m11_p25_1km_s_{dt}_go_epsg.4326_v20230619.tif,https://s3.openlandmap.org/arco/wv_mcd19a2v061.seasconv.m.m12_p25_1km_s_{dt}_go_epsg.4326_v20230619.tif,,,,,,,,,,,,,
wv_mcd19a2v061.seasconv.m_p75,0,openlandmap,MCD19A2 long-term water vapor (perc. 75th),"The monthly aggregated water vapor dataset is derived from MCD19A2 v061, measuring the column above ground retrieved from MODIS near-IR bands at 0.94μm. The dataset time spans from 2000 to 2022 and provides data that covers the entire globe. The monthly aggregation considered the mean and standard deviation of daily water vapor time-series data. Only positive non-cloudy pixels were considered valid observations to derive the mean and the standard deviation. The remaining no-data values were filled using the TMWM algorithm. This dataset also includes smoothed mean and standard deviation values using the Whittaker method. The quality assessment layers and the number of valid observations for each month can provide an indication of the reliability of the monthly mean and standard deviation values.",Climate,"water,modis,mcd19a2",v20230619,https://doi.org/10.5281/zenodo.8226283,10^-3cm,Rolf Simões,rolf.simoes@opengeohub.org ,"lp_daac,opengeohub",CC-BY-SA-4.0,,,modis,1000,2000-01-01,2022-12-31,,,static,interval,0,,https://s3.openlandmap.org/arco/wv_mcd19a2v061.sld,https://s3.openlandmap.org/arco/wv_mcd19a2v061.qml,https://s3.openlandmap.org/arco/wv_mcd19a2v061.seasconv.m.m01_p75_1km_s_{dt}_go_epsg.4326_v20230619.tif,https://s3.openlandmap.org/arco/wv_mcd19a2v061.seasconv.m.m02_p75_1km_s_{dt}_go_epsg.4326_v20230619.tif,https://s3.openlandmap.org/arco/wv_mcd19a2v061.seasconv.m.m03_p75_1km_s_{dt}_go_epsg.4326_v20230619.tif,https://s3.openlandmap.org/arco/wv_mcd19a2v061.seasconv.m.m04_p75_1km_s_{dt}_go_epsg.4326_v20230619.tif,https://s3.openlandmap.org/arco/wv_mcd19a2v061.seasconv.m.m05_p75_1km_s_{dt}_go_epsg.4326_v20230619.tif,https://s3.openlandmap.org/arco/wv_mcd19a2v061.seasconv.m.m06_p75_1km_s_{dt}_go_epsg.4326_v20230619.tif,https://s3.openlandmap.org/arco/wv_mcd19a2v061.seasconv.m.m07_p75_1km_s_{dt}_go_epsg.4326_v20230619.tif,https://s3.openlandmap.org/arco/wv_mcd19a2v061.seasconv.m.m08_p75_1km_s_{dt}_go_epsg.4326_v20230619.tif,https://s3.openlandmap.org/arco/wv_mcd19a2v061.seasconv.m.m09_p75_1km_s_{dt}_go_epsg.4326_v20230619.tif,https://s3.openlandmap.org/arco/wv_mcd19a2v061.seasconv.m.m10_p75_1km_s_{dt}_go_epsg.4326_v20230619.tif,https://s3.openlandmap.org/arco/wv_mcd19a2v061.seasconv.m.m11_p75_1km_s_{dt}_go_epsg.4326_v20230619.tif,https://s3.openlandmap.org/arco/wv_mcd19a2v061.seasconv.m.m12_p75_1km_s_{dt}_go_epsg.4326_v20230619.tif,,,,,,,,,,,,,
wv_mcd19a2v061.seasconv.m_std,0,openlandmap,MCD19A2 long-term water vapor (std. dev.),"The monthly aggregated water vapor dataset is derived from MCD19A2 v061, measuring the column above ground retrieved from MODIS near-IR bands at 0.94μm. The dataset time spans from 2000 to 2022 and provides data that covers the entire globe. The monthly aggregation considered the mean and standard deviation of daily water vapor time-series data. Only positive non-cloudy pixels were considered valid observations to derive the mean and the standard deviation. The remaining no-data values were filled using the TMWM algorithm. This dataset also includes smoothed mean and standard deviation values using the Whittaker method. The quality assessment layers and the number of valid observations for each month can provide an indication of the reliability of the monthly mean and standard deviation values.",Climate,"water,modis,mcd19a2",v20230619,https://doi.org/10.5281/zenodo.8226283,10^-3cm,Rolf Simões,rolf.simoes@opengeohub.org ,"lp_daac,opengeohub",CC-BY-SA-4.0,,,modis,1000,2000-01-01,2022-12-31,,,static,interval,0,,https://s3.openlandmap.org/arco/wv_mcd19a2v061_std.sld,https://s3.openlandmap.org/arco/wv_mcd19a2v061_std.qml,https://s3.openlandmap.org/arco/wv_mcd19a2v061.seasconv.m.m01_sd_1km_s_{dt}_go_epsg.4326_v20230619.tif,https://s3.openlandmap.org/arco/wv_mcd19a2v061.seasconv.m.m02_sd_1km_s_{dt}_go_epsg.4326_v20230619.tif,https://s3.openlandmap.org/arco/wv_mcd19a2v061.seasconv.m.m03_sd_1km_s_{dt}_go_epsg.4326_v20230619.tif,https://s3.openlandmap.org/arco/wv_mcd19a2v061.seasconv.m.m04_sd_1km_s_{dt}_go_epsg.4326_v20230619.tif,https://s3.openlandmap.org/arco/wv_mcd19a2v061.seasconv.m.m05_sd_1km_s_{dt}_go_epsg.4326_v20230619.tif,https://s3.openlandmap.org/arco/wv_mcd19a2v061.seasconv.m.m06_sd_1km_s_{dt}_go_epsg.4326_v20230619.tif,https://s3.openlandmap.org/arco/wv_mcd19a2v061.seasconv.m.m07_sd_1km_s_{dt}_go_epsg.4326_v20230619.tif,https://s3.openlandmap.org/arco/wv_mcd19a2v061.seasconv.m.m08_sd_1km_s_{dt}_go_epsg.4326_v20230619.tif,https://s3.openlandmap.org/arco/wv_mcd19a2v061.seasconv.m.m09_sd_1km_s_{dt}_go_epsg.4326_v20230619.tif,https://s3.openlandmap.org/arco/wv_mcd19a2v061.seasconv.m.m10_sd_1km_s_{dt}_go_epsg.4326_v20230619.tif,https://s3.openlandmap.org/arco/wv_mcd19a2v061.seasconv.m.m11_sd_1km_s_{dt}_go_epsg.4326_v20230619.tif,https://s3.openlandmap.org/arco/wv_mcd19a2v061.seasconv.m.m12_sd_1km_s_{dt}_go_epsg.4326_v20230619.tif,,,,,,,,,,,,,
wv_mcd19a2v061.seasconv.m.yearly,0,openlandmap,MCD19A2 annual water vapor,"The monthly aggregated water vapor dataset is derived from MCD19A2 v061, measuring the column above ground retrieved from MODIS near-IR bands at 0.94μm. The dataset time spans from 2000 to 2022 and provides data that covers the entire globe. The monthly aggregation considered the mean and standard deviation of daily water vapor time-series data. Only positive non-cloudy pixels were considered valid observations to derive the mean and the standard deviation. The remaining no-data values were filled using the TMWM algorithm. This dataset is specifically derived from monthly time-series, providing a yearly time-series aggregated statistics of the monthly time-series data.",Climate,"water,modis,mcd19a2",v20230619,https://doi.org/10.5281/zenodo.8226282,10^-3cm,Rolf Simões,rolf.simoes@opengeohub.org ,"lp_daac,opengeohub",CC-BY-SA-4.0,,,modis,1000,2000-01-01,2022-12-31,1,,years,interval,0,,https://s3.openlandmap.org/arco/wv_mcd19a2v061.sld,https://s3.openlandmap.org/arco/wv_mcd19a2v061.qml,https://s3.openlandmap.org/arco/wv_mcd19a2v061.seasconv.m.yearly_p50_1km_s_{dt}_go_epsg.4326_v20230619.tif,https://s3.openlandmap.org/arco/wv_mcd19a2v061.seasconv.m.yearly_p25_1km_s_{dt}_go_epsg.4326_v20230619.tif,https://s3.openlandmap.org/arco/wv_mcd19a2v061.seasconv.m.yearly_p75_1km_s_{dt}_go_epsg.4326_v20230619.tif,https://s3.openlandmap.org/arco/wv_mcd19a2v061.seasconv.m.yearly_sd_1km_s_{dt}_go_epsg.4326_v20230619.tif,https://s3.openlandmap.org/arco/wv_mcd19a2v061.seasconv.sd.yearly_p50_1km_s_{dt}_go_epsg.4326_v20230619.tif,https://s3.openlandmap.org/arco/wv_mcd19a2v061.seasconv.sd.yearly_p25_1km_s_{dt}_go_epsg.4326_v20230619.tif,https://s3.openlandmap.org/arco/wv_mcd19a2v061.seasconv.sd.yearly_p75_1km_s_{dt}_go_epsg.4326_v20230619.tif,https://s3.openlandmap.org/arco/wv_mcd19a2v061.seasconv.sd.yearly_sd_1km_s_{dt}_go_epsg.4326_v20230619.tif,,,,,,,,,,,,,,,,,
bulkdens.fineearth_usda.4a1h,0,openlandmap,Long-term soil bulk density for fine earth,"Soil bulk density (fine earth) 10 x kg / m-cubic at 6 standard depths (0, 10, 30, 60, 100 and 200 cm) at 250 m resolution",Geology and Soils,"soil carbon,bulk density",v0,https://doi.org/10.5281/zenodo.2525665,10 x kg / m-cubic,Tom Hengl,tom.hengl@opengeohub.org,opengeohub,CC-BY-SA-4.0,,,,250,1950-01-01,2017-12-31,,,static,interval,0,"b0cm,b10cm,b30cm,b60cm,b100cm,b200cm",https://s3.openlandmap.org/arco/bulkdens.fineearth_usda.4a1h_m.sld,https://s3.openlandmap.org/arco/bulkdens.fineearth_usda.4a1h_m.qml,https://s3.openlandmap.org/arco/bulkdens.fineearth_usda.4a1h_m_250m_{dp}_{dt}_go_epsg.4326_v0.2.tif,,,,,,,,,,,,,,,,,,,,,,,,
geom_merit.dem,0,openlandmap,MERIT geomorphometry,"Relief parameters were derived derived using SAGA GIS (http://www.saga-gis.org/) and the MERIT DEM (Yamazaki et al. 2017) projected in the Equi7 grid system (Bauer-Marschallinger et al. 2014). Once derived, DEM derivatives were then reprojected to the lon-lat system.",Geology and Soils,"meritdem,geomorphometry",v1,https://doi.org/10.1038/s41597-020-0479-6,meter,Tom Hengl,tom.hengl@opengeohub.org,"yamazaki_lab,opengeohub",CC-BY-4.0,,,,250,2017-01-01,2018-12-31,,,static,interval,0,,https://s3.openlandmap.org/arco/slope_merit.dem.sld,https://s3.openlandmap.org/arco/slope_merit.dem.qml,https://s3.openlandmap.org/arco/geom_merit.dem_m_250m_s_{dt}_go_epsg.4326_v1.0.tif,https://s3.openlandmap.org/arco/dev-magnitude_merit.dem_m_5km_s_{dt}_go_epsg.4326_v1.0.tif,https://s3.openlandmap.org/arco/cti_merit.dem_m_5km_s_{dt}_go_epsg.4326_v1.0.tif,https://s3.openlandmap.org/arco/rough-scale_merit.dem_m_5km_s_{dt}_go_epsg.4326_v1.0.tif,https://s3.openlandmap.org/arco/vbf_merit.dem_m_5km_s_{dt}_go_epsg.4326_v1.0.tif,https://s3.openlandmap.org/arco/slope_merit.dem_m_250m_s_{dt}_go_epsg.4326_v1.0.tif,,,,,,,,,,,,,,,,,,,
fapar_proba.v,0,openlandmap,PROBA-V long-term fraction of absorbed photosynthetically active radiation (FAPAR),"Fraction of absorbed photosynthetically active radiation monthly images for 2014–2017 were obtained from https://land.copernicus.eu (original values reported in the range 0–235 with scaling factor 1/255, i.e., with a maximum value of 0.94). From a total of 142 images downloaded from https://land.copernicus.eu we derived minimum, median and maximum value of FAPAR per month (12) using the 95% probability interval using the data.table package (http://r-datatable.com).",Orthoimagery,"fapar,land potential,natural vegetation",v1,https://doi.org/10.5281/zenodo.3459830,index,Tom Hengl,tom.hengl@opengeohub.org,"copernicus,opengeohub",CC-BY-SA-4.0,,proba-v,vgt,250,2014-01-01,2017-12-31,,,static,interval,0,,https://s3.openlandmap.org/arco/fapar_proba.v.sld,https://s3.openlandmap.org/arco/fapar_proba.v.qml,https://s3.openlandmap.org/arco/fapar_proba.v.annual_d_250m_s_{dt}_go_epsg.4326_v1.0.tif,https://s3.openlandmap.org/arco/fapar_proba.v.jan_d_250m_s_{dt}_go_epsg.4326_v1.0.tif,https://s3.openlandmap.org/arco/fapar_proba.v.feb_d_250m_s_{dt}_go_epsg.4326_v1.0.tif,https://s3.openlandmap.org/arco/fapar_proba.v.mar_d_250m_s_{dt}_go_epsg.4326_v1.0.tif,https://s3.openlandmap.org/arco/fapar_proba.v.apr_d_250m_s_{dt}_go_epsg.4326_v1.0.tif,https://s3.openlandmap.org/arco/fapar_proba.v.may_d_250m_s_{dt}_go_epsg.4326_v1.0.tif,https://s3.openlandmap.org/arco/fapar_proba.v.jun_d_250m_s_{dt}_go_epsg.4326_v1.0.tif,https://s3.openlandmap.org/arco/fapar_proba.v.jul_d_250m_s_{dt}_go_epsg.4326_v1.0.tif,https://s3.openlandmap.org/arco/fapar_proba.v.aug_d_250m_s_{dt}_go_epsg.4326_v1.0.tif,https://s3.openlandmap.org/arco/fapar_proba.v.sep_d_250m_s_{dt}_go_epsg.4326_v1.0.tif,https://s3.openlandmap.org/arco/fapar_proba.v.oct_d_250m_s_{dt}_go_epsg.4326_v1.0.tif,https://s3.openlandmap.org/arco/fapar_proba.v.nov_d_250m_s_{dt}_go_epsg.4326_v1.0.tif,https://s3.openlandmap.org/arco/fapar_proba.v.dec_d_250m_s_{dt}_go_epsg.4326_v1.0.tif,,,,,,,,,,,,
forest.cover_esacci.ifl,0,openlandmap,Tree-covered and intact forest landscapes,"Based on the UNEP historic forest cover map, ESA land cover time series and intact forest landscape (IFL 2000, 2013 and 2016) data (Potapov et al. 2013).",Land Cover and Land Use,"tree cover,forest",v0,https://doi.org/10.5281/zenodo.1477073,class,Tom Hengl,tom.hengl@opengeohub.org,"esa_cci,opengeohub",CC-BY-SA-4.0,,,,250,1995-01-01,2016-12-31,1,"4,4,4,2,2",years,interval,0,,https://s3.openlandmap.org/arco/forest.cover_esacci.sld,https://s3.openlandmap.org/arco/forest.cover_esacci.qml,https://s3.openlandmap.org/arco/forest.cover_esacci.ifl_c_250m_s_{dt}_go_epsg.4326_v0.1.tif,,,,,,,,,,,,,,,,,,,,,,,,
grtgroup_usda.soiltax,0,openlandmap,USDA long-term soil great groups,"Distribution of the USDA soil great groups based on machine learning predictions from global compilation of soil profiles (>350,000 training points).",Geology and Soils,"soil type,usda soil taxonomy",v0,https://doi.org/10.5281/zenodo.3528062,class,Tom Hengl,tom.hengl@opengeohub.org,opengeohub,CC-BY-SA-4.0,,,,250,1950-01-01,2017-12-31,,,static,interval,0,,https://s3.openlandmap.org/arco/grtgroup_usda.soiltax_c.sld,https://s3.openlandmap.org/arco/grtgroup_usda.solitax_c.qml,https://s3.openlandmap.org/arco/grtgroup_usda.soiltax_c_250m_s_{dt}_go_espg.4326_v0.2.tif,,,,,,,,,,,,,,,,,,,,,,,,
land.cover_copernicus,0,openlandmap,Copernicus PROBA-V annual land cover,"Annual, global 100m land cover maps in 2015, 2016, 2017, 2018, 2019, produced by the global component of the Copernicus Land Service, derived from PROBA-V satellite observations and ancillary datasets",Land Cover and Land Use,"land cover,land use,globe,earth,remote sensing,satellite,copernicus,proba-v",v3,https://doi.org/10.5281/zenodo.4723924,class,Marcel Buchhorn,marcel.buchhorn@vito.be,"copernicus,opengeohub",CC-BY-4.0,,,,100,2015-01-01,2019-12-31,1,,years,interval,0,,https://s3.openlandmap.org/arco/land.cover_copernicus.sld,https://s3.openlandmap.org/arco/land.cover_copernicus.qml,https://s3.openlandmap.org/arco/land.cover_copernicus_c_100m_s_{dt}_go_epsg.4326_v3.0.1.tif,,,,,,,,,,,,,,,,,,,,,,,,
organic.carbon.stock_msa.kgm2,0,openlandmap,OpenLandMap long-term soil organic carbon stock,"Soil organic carbon stock in kg/m2 for 5 standard depth intervals (0–10, 10–30, 30–60, 60–100 and 100–200 cm) at 250 m resolution. To convert to t/ha multiply by 10. Derived using soil organic carbon content (https://doi.org/10.5281/zenodo.1475457), bulk density (https://doi.org/10.5281/zenodo.1475970) and coarse fragments (https://doi.org/10.5281/zenodo.2525681), predicted from point data at 6 standard depths. Depth to bed rock has been ignored, hence total stocks might be about 10–15% lower then reported.",Geology and Soils,soil carbon,v0,https://doi.org/10.5281/zenodo.2536040,kg / m2,Tom Hengl,tom.hengl@opengeohub.org,opengeohub,CC-BY-SA-4.0,,,,250,1950-01-01,2017-12-31,,,static,interval,0,"b0t10cm,b0t30cm,b10t30cm,b30t60cm,b60t100cm,b100t200cm",https://s3.openlandmap.org/arco/organic.carbon.stock_msa.kgm2_m.sld,https://s3.openlandmap.org/arco/organic.carbon.stock_msa.kgm2_m.qml,https://s3.openlandmap.org/arco/organic.carbon.stock_msa.kgm2_m_250m_{dp}_{dt}_go_epsg.4326_v0.2.tif,https://s3.openlandmap.org/arco/organic.carbon.stock_msa.kgm2_td_250m_{dp}_{dt}_go_epsg.4326_v0.2.tif,,,,,,,,,,,,,,,,,,,,,,,
organic.carbon_usda.6a1c,0,openlandmap,OpenLandMap long-term soil organic carbon content,"Soil organic carbon content in x 5 g / kg (to convert to % divide by 2) at 6 standard depths (0, 10, 30, 60, 100 and 200 cm) at 250 m resolution.Predicted from a global compilation of soil points. Also available for download: soil organic stock maps in in kg / m2 (https://doi.org/10.5281/zenodo.1475453) and bulk density maps in kg / m3 (https://doi.org/10.5281/zenodo.1475970).",Geology and Soils,soil carbon,v0,https://doi.org/10.5281/zenodo.2525553,x5 g/kg,Tom Hengl,tom.hengl@opengeohub.org,opengeohub,CC-BY-SA-4.0,,,,250,1950-01-01,2017-12-31,,,static,interval,0,"b0cm,b10cm,b30cm,b60cm,b100cm,b200cm",https://s3.openlandmap.org/arco/organic.carbon_usda.6a1c_m.sld,https://s3.openlandmap.org/arco/organic.carbon_usda.6a1c_m.qml,https://s3.openlandmap.org/arco/organic.carbon_usda.6a1c_m_250m_{dp}_{dt}_go_epsg.4326_v0.2.tif,,,,,,,,,,,,,,,,,,,,,,,,
pft.landcover_esa.cci.lc,0,openlandmap,ESA CCI annual plant functional types (PFT),"This dataset contains Global Plant Functional Types (PFT) data, from the ESA Medium Resolution Land Cover (MRLC) Climate Change Initiative project. The data provides yearly data, and initially covers the time period from 1992 to 2020. It is anticipated that the dataset will be updated annually going forward. The PFT v2.0.8 global dataset has 14 layers, each describing the percentage cover (0-100%) of a plant functional type at a spatial resolution of 300 m: broadleaved evergreen trees, broadleaved deciduous trees, needleleaved evergreen trees, needleleaved deciduous trees, broadleaved evergreen shrubs, broadleaved deciduous shrubs, needleleaved evergreen shrubs, needleleaved deciduous shrubs, natural grasses, herbaceous cropland (i.e., managed grasses), built, water, bare areas, and snow and ice.",Land Cover and Land Use,"land cover,cci,pft",v20230616,https://doi.org/10.5285/26a0f46c95ee4c29b5c650b129aab788,%,ESA CCI Land Cover project,contact@esa-landcover-cci.org,"esa_cci,opengeohub",CC-BY-4.0,,,,300,1992-01-01,2020-12-31,1,,years,interval,0,,https://s3.openlandmap.org/arco/esa.cci.lc_pc.sld,https://s3.openlandmap.org/arco/esa.cci.lc_pc.qml,https://s3.openlandmap.org/arco/pft.grass.man_esa.cci.lc_pc_300m_s_{dt}_go_epsg.4326_v20230616.tif,https://s3.openlandmap.org/arco/pft.built_esa.cci.lc_pc_300m_s_{dt}_go_epsg.4326_v20230616.tif,https://s3.openlandmap.org/arco/pft.bare_esa.cci.lc_pc_300m_s_{dt}_go_epsg.4326_v20230616.tif,https://s3.openlandmap.org/arco/pft.grass.nat_esa.cci.lc_pc_300m_s_{dt}_go_epsg.4326_v20230616.tif,https://s3.openlandmap.org/arco/pft.land_esa.cci.lc_pc_300m_s_{dt}_go_epsg.4326_v20230616.tif,https://s3.openlandmap.org/arco/pft.shrubs.bd_esa.cci.lc_pc_300m_s_{dt}_go_epsg.4326_v20230616.tif,https://s3.openlandmap.org/arco/pft.shrubs.be_esa.cci.lc_pc_300m_s_{dt}_go_epsg.4326_v20230616.tif,https://s3.openlandmap.org/arco/pft.shrubs.nd_esa.cci.lc_pc_300m_s_{dt}_go_epsg.4326_v20230616.tif,https://s3.openlandmap.org/arco/pft.shrubs.ne_esa.cci.lc_pc_300m_s_{dt}_go_epsg.4326_v20230616.tif,https://s3.openlandmap.org/arco/pft.snowice_esa.cci.lc_pc_300m_s_{dt}_go_epsg.4326_v20230616.tif,https://s3.openlandmap.org/arco/pft.trees.bd_esa.cci.lc_pc_300m_s_{dt}_go_epsg.4326_v20230616.tif,https://s3.openlandmap.org/arco/pft.trees.be_esa.cci.lc_pc_300m_s_{dt}_go_epsg.4326_v20230616.tif,https://s3.openlandmap.org/arco/pft.trees.nd_esa.cci.lc_pc_300m_s_{dt}_go_epsg.4326_v20230616.tif,https://s3.openlandmap.org/arco/pft.trees.ne_esa.cci.lc_pc_300m_s_{dt}_go_epsg.4326_v20230616.tif,https://s3.openlandmap.org/arco/pft.water.inland_esa.cci.lc_pc_300m_s_{dt}_go_epsg.4326_v20230616.tif,https://s3.openlandmap.org/arco/pft.water.ocean_esa.cci.lc_pc_300m_s_{dt}_go_epsg.4326_v20230616.tif,https://s3.openlandmap.org/arco/pft.water_esa.cci.lc_pc_300m_s_{dt}_go_epsg.4326_v20230616.tif,,,,,,,,
precipitation_sm2rain.ltm,0,openlandmap,SM2RAIN long-term precipitation,"Monthly precipitation in mm at 1 km resolution based on SM2RAIN-ASCAT 2007-2021 (https://doi.org/10.5281/zenodo.2615278). Downscaled to 1 km resolution using gdalwarp (cubic splines) and combined with WorldClim (https://worldclim.org/data/worldclim21.html) and CHELSA Climate (https://chelsa-climate.org/downloads/) monthly values. Final values are estimated as a simple average between the three precipitation data sources; a more objective approach would be to use training points e.g. meteo-station monthly values, then train an ensemble model using the 3 data sources as independent variables. Another global data source of precipitation images is the monthly IMERGE dataset, however this requires transformation and is available only for limited span of years.",Climate,"precipitation,global,openlandmap",v0,https://doi.org/10.5281/zenodo.6458580,mm,Tom Hengl,tom.hengl@opengeohub.org,"cnr_irpi,opengeohub",CC-BY-SA-4.0,,,,1000,2007-01-01,2018-12-31,,,static,interval,0,,https://s3.openlandmap.org/arco/precipitation_sm2rain.sld,https://s3.openlandmap.org/arco/precipitation_sm2rain.qml,https://s3.openlandmap.org/arco/precipitation_sm2rain.jan_m_1km_s_{dt}_go_epsg.4326_v0.2.tif,https://s3.openlandmap.org/arco/precipitation_sm2rain.feb_m_1km_s_{dt}_go_epsg.4326_v0.2.tif,https://s3.openlandmap.org/arco/precipitation_sm2rain.mar_m_1km_s_{dt}_go_epsg.4326_v0.2.tif,https://s3.openlandmap.org/arco/precipitation_sm2rain.apr_m_1km_s_{dt}_go_epsg.4326_v0.2.tif,https://s3.openlandmap.org/arco/precipitation_sm2rain.may_m_1km_s_{dt}_go_epsg.4326_v0.2.tif,https://s3.openlandmap.org/arco/precipitation_sm2rain.jun_m_1km_s_{dt}_go_epsg.4326_v0.2.tif,https://s3.openlandmap.org/arco/precipitation_sm2rain.jul_m_1km_s_{dt}_go_epsg.4326_v0.2.tif,https://s3.openlandmap.org/arco/precipitation_sm2rain.aug_m_1km_s_{dt}_go_epsg.4326_v0.2.tif,https://s3.openlandmap.org/arco/precipitation_sm2rain.sep_m_1km_s_{dt}_go_epsg.4326_v0.2.tif,https://s3.openlandmap.org/arco/precipitation_sm2rain.oct_m_1km_s_{dt}_go_epsg.4326_v0.2.tif,https://s3.openlandmap.org/arco/precipitation_sm2rain.nov_m_1km_s_{dt}_go_epsg.4326_v0.2.tif,https://s3.openlandmap.org/arco/precipitation_sm2rain.dec_m_1km_s_{dt}_go_epsg.4326_v0.2.tif,,,,,,,,,,,,,
ph.h2o_usda.4c1a2a,0,openlandmap,OpenLandMap long-term soil pH,"Soil pH in H2O at 6 standard depths (0, 10, 30, 60, 100 and 200 cm) at 250 m resolution according to USDA method code: 4C1a2a",Geology and Soils,"soil ph,acidity",v0,https://doi.org/10.5281/zenodo.2525664,ph,Tom Hengl,tom.hengl@opengeohub.org,opengeohub,CC-BY-SA-4.0,,,,250,1950-01-01,2017-12-31,,,static,interval,0,"b0cm,b100cm,b10cm,b200cm,b30cm,b60cm",https://s3.openlandmap.org/arco/ph.h2o_usda.4c1a2a_m.sld,https://s3.openlandmap.org/arco/ph.h2o_usda.4c1a2a_m.qml,https://s3.openlandmap.org/arco/ph.h2o_usda.4c1a2a_m_250m_{dp}_{dt}_go_epsg.4326_v0.2.tif,,,,,,,,,,,,,,,,,,,,,,,,
pop.count_ghs.jrc,0,openlandmap,JRC Global Human Settlement annual population (GHS),"This GHS-POP spatial raster product (GHS-POP_GLOBE_R2023) depicts the distribution of human population, expressed as the number of people per cell. Residential population estimates at 5 years interval between 1975 and 2030 are derived from the raw global census data harmonized by CIESIN for the Gridded Population of the World, version 4.11 (GPWv4.11) at polygon level, and disaggregated from census or administrative units to grid cells, informed by the distribution, classification and volume of built-up as mapped in the GHSL global layers per corresponding epoch. The disaggregation methodology is described in Freire et al., (2016).",Population Distribution,,v20230620,https://doi.org/10.2905/2FF68A52-5B5B-4A22-8F40-C41DA8332CFE,number of people ,Julia Hackländer,julia.hacklaender@opengeohub.org,"jrc,opengeohub",CC-BY-4.0,,,,100,2000-01-01,2021-12-31,1,,years,interval,0,,https://s3.openlandmap.org/arco/pop.count_ghs.jrc.sld,https://s3.openlandmap.org/arco/pop.count_ghs.jrc.qml,https://s3.openlandmap.org/arco/pop.count_ghs.jrc_m_100m_s_{dt}_go_epsg.4326_v20230620.tif,,,,,,,,,,,,,,,,,,,,,,,,
sand.wfraction_usda.3a1a1a,0,openlandmap,OpenLandMap long-term sand content,"Sand content in % (kg / kg) at 6 standard depths (0, 10, 30, 60, 100 and 200 cm) at 250 m resolution. Based on machine learning predictions from global compilation of soil profiles and samples.",Water,"sand fraction,soil texture",v0,https://doi.org/10.5281/zenodo.2525662,% (kg / kg),Tom Hengl,tom.hengl@opengeohub.org,opengeohub,CC-BY-SA-4.0,,,,250,1950-01-01,2017-12-31,,,static,interval,0,"b0cm,b10cm,b60cm,b100cm",https://s3.openlandmap.org/arco/sand.wfraction_usda.3a1a1a_m.sld,https://s3.openlandmap.org/arco/sand.wfraction_usda.3a1a1a_m.qml,https://s3.openlandmap.org/arco/sand.wfraction_usda.3a1a1a_m_250m_{dp}_{dt}_go_epsg.4326_v0.2.tif,,,,,,,,,,,,,,,,,,,,,,,,
lc_mcd12q1v061.p1,0,openlandmap,MCD12Q1 annual land cover and land use,"The yearly land use and land cover dataset is derived from MCD12Q1 v061. This data provides an yearly mosaics of land use and land cover data from 2001 to 2022. This dataset includes layers of land cover type 1 (t1), 2 (t2), and 5 (t5), land cover property 1 (p1) and 2 (p2), land cover property assessment 1 (p1a) and 2 (p2a), and land cover quality control (qc).",Land Cover and Land Use,"modis,land  cover,land use,global,oemc",v20230818,https://doi.org/10.5281/zenodo.8367523,class,Rolf Simões,rolf.simoes@opengeohub.org ,"lp_daac,opengeohub",CC-BY-SA-4.0,,modis,,500,2001-01-01,2021-12-31,1,,years,interval,0,,https://s3.openlandmap.org/arco/mcd12q1v061.p1_c.sld,https://s3.openlandmap.org/arco/mcd12q1v061.p1_c.qml,https://s3.openlandmap.org/arco/lc_mcd12q1v061.p1_c_500m_s_{dt}_go_epsg.4326_v20230818.tif,https://s3.openlandmap.org/arco/lc_mcd12q1v061.p1a_c_500m_s_{dt}_go_epsg.4326_v20230818.tif,https://s3.openlandmap.org/arco/lc_mcd12q1v061.p2_c_500m_s_{dt}_go_epsg.4326_v20230818.tif,https://s3.openlandmap.org/arco/lc_mcd12q1v061.p2a_c_500m_s_{dt}_go_epsg.4326_v20230818.tif,https://s3.openlandmap.org/arco/lc_mcd12q1v061.qc_c_500m_s_{dt}_go_epsg.4326_v20230818.tif,https://s3.openlandmap.org/arco/lc_mcd12q1v061.t1_c_500m_s_{dt}_go_epsg.4326_v20230818.tif,https://s3.openlandmap.org/arco/lc_mcd12q1v061.t2_c_500m_s_{dt}_go_epsg.4326_v20230818.tif,https://s3.openlandmap.org/arco/lc_mcd12q1v061.t5_c_500m_s_{dt}_go_epsg.4326_v20230818.tif,,,,,,,,,,,,,,,,,
texture.class_usda.tt,0,openlandmap,OpenLandMap long-term soil texture classes (USDA system),"Soil texture classes (USDA system) for 6 standard soil depths (0, 10, 30, 60, 100 and 200 cm) at 250 m.",Geology and Soils,"soil texture,usda",v0,https://doi.org/10.5281/zenodo.2525817,class,Tom Hengl,tom.hengl@opengeohub.org,opengeohub,CC-BY-SA-4.0,,,,250,1950-01-01,2017-12-31,,,static,interval,0,"b0cm,b10cm,b30cm,b60cm,,b100cm,b200cm",https://s3.openlandmap.org/arco/texture.class_usda.tt_m.sld,https://s3.openlandmap.org/arco/texture.class_usda.tt_m.qml,https://s3.openlandmap.org/arco/texture.class_usda.tt_m_250m_{dp}_{dt}_go_epsg.4326_v0.2.tif,,,,,,,,,,,,,,,,,,,,,,,,
water.occurrence_jrc.surfacewater,0,openlandmap,JRC long-term surface water occurrence,"Gobal surface water occurrence based on Pekel at al. (2016), and the layer is resampled to spatial resolution 1/480 d.d. (about 250 m) using gdalwarp with ""average"" resampling. Original layers are available at 30 m resolution. The orignal dataset and document: https://doi.org/10.1038/nature20584.",Water,"landsat,tree cover,bare ground",v1,https://doi.org/10.5281/zenodo.1439254,,Tom Hengl,tom.hengl@opengeohub.org,"jrc,opengeohub",CC-BY-SA-4.0,,,,250,1984-01-01,2016-12-31,,,static,interval,0,b0t200cm,https://s3.openlandmap.org/arco/water.occurrance_jrc.surfacewater_p.sld,https://s3.openlandmap.org/arco/water.occurrance_jrc.surfacewater_p.qml,https://s3.openlandmap.org/arco/water.occurrence_jrc.surfacewater_p_250m_{dp}_{dt}_go_epsg.4326_v1.0.tif,,,,,,,,,,,,,,,,,,,,,,,,
watercontent.33kPa_usda.4b1c,0,openlandmap,OpenLandMap long-term soil water content,"Soil water content (volumetric) in percent for 33 kPa and 1500 kPa suctions predicted at 6 standard depths (0, 10, 30, 60, 100 and 200 cm) at 250 m resolution. Training points are based on a global compilation of soil profiles (USDA NCSS, AfSPDB, ISRIC WISE, EGRPR, SPADE, CanNPDB, UNSODA, SWIG, HYBRAS and HydroS). Data import steps are available here. Spatial prediction steps are described in detail here. Note: these are actually measured and mapped soil content values; no Pedo-Transfer-Functions have been used (except to fill-in the missing NCSS bulk densities). Available water capacity in mm (derived as a difference between field capacity and wilting point multiplied by layer thickness) per layer is available here. Antarctica is not included.",Geology and Soils,"soil available water capacity,soil bulk density,soil water",v0,https://doi.org/10.5281/zenodo.2784001,volumetric percent,Tom Hengl,tom.hengl@opengeohub.org,opengeohub,CC-BY-SA-4.0,,,,250,1950-01-01,2017-12-31,,,static,interval,0,"b0cm,b100cm,b200cm,b30cm,b60cm",https://s3.openlandmap.org/arco//watercontent.33kPa_usda.4b1c_m.sld,https://s3.openlandmap.org/arco/watercontent.33kPa_usda.4b1c_m.qml,https://s3.openlandmap.org/arco/watercontent.33kPa_usda.4b1c_m_250m_{dp}_{dt}_go_epsg.4326_v0.1.tif,,,,,,,,,,,,,,,,,,,,,,,,
dsm_glo30,0,openlandmap,Copernius DEM digital surface model,"Global mosaic of 30m Copernicus DEM. The Copernicus DEM is a Digital Surface Model (DSM) that represents the surface of the Earth including buildings, infrastructure and vegetation. Data were acquired through the TanDEM-X mission between 2011 and 2015. ",Elevation and Depth,"glo30,dsm",v20211004,https://doi.org/10.5270/ESA-c5d3d65,meter,Yu-Feng Ho,yu-feng.ho@opengeohub.org,"copernicus,opengeohub",CC-BY-4.0,,tandem-x,"eea-10,glo-30,glo-90",30,2011-01-01,2015-12-31,,,static,interval,0,,https://s3.openlandmap.org/arco/dsm_glo30_m.sld,https://s3.openlandmap.org/arco/dsm_glo30_m.qml,https://s3.openlandmap.org/arco/dsm_glo30_m_30m_s_20110101_20151231_go.epsg.4326_v20211004.tif,,,,,,,,,,,,,,,,,,,,,,,,
lc_glad.glcluc,0,openlandmap,UMD GLAD annual land cover and land use (GLCLUC),"The global 30-m spatial resolution dataset quantifies changes in forest extent and height, cropland, built-up lands, surface water, and perennial snow and ice extent from the year 2000 to 2020. Landsat Analysis Ready Data served as an input for land cover and use mapping. Each thematic product was independently derived using locally and regionally calibrated machine learning tools.",Land Cover and Land Use,"land cover,land use,landsat,forest,cropland,urbanization,snow cover,surface water",v20230901,https://doi.org/10.3389/frsen.2022.856903,class,"
Peter Potapov",potapov@umd.edu,"umd_glad,opengeohub",CC-BY-4.0,,landsat,,30,2000-01-01,2020-12-31,1,4,years,interval,0,,https://s3.openlandmap.org/arco/lc_glad.glcluc_c.sld,https://s3.openlandmap.org/arco/lc_glad.glcluc_c.qml,https://s3.openlandmap.org/arco/lc_glad.glcluc_c_30m_s_{dt}_go_epsg.4326_v20230901.tif,,,,,,,,,,,,,,,,,,,,,,,,
lc_glad.glcluc.change,0,openlandmap,UMD GLAD annual land cover and land use change (GLCLUC),"The global 30-m spatial resolution dataset quantifies changes in forest extent and height, cropland, built-up lands, surface water, and perennial snow and ice extent from the year 2000 to 2020. Landsat Analysis Ready Data served as an input for land cover and use mapping. Each thematic product was independently derived using locally and regionally calibrated machine learning tools.",Land Cover and Land Use,"land cover,land use,landsat,forest,cropland,urbanization,snow cover,surface water",v20230901,https://doi.org/10.3389/frsen.2022.856903,change class,"
Peter Potapov",potapov@umd.edu,"umd_glad,opengeohub",CC-BY-4.0,,landsat,,30,2000-01-01,2020-12-31,,,static,interval,0,,https://s3.openlandmap.org/arco/lc_glad.glcluc_c.sld,https://s3.openlandmap.org/arco/lc_glad.glcluc_c.qml,https://s3.openlandmap.org/arco/lc_glad.glcluc.change_c_30m_s_{dt}_go_epsg.4326_v20230901.tif,,,,,,,,,,,,,,,,,,,,,,,,
landuse.cropland_hyde,0,openlandmap,HYDE annual cropland for the holocene,History Database of the Global Environment (HYDE version 3.2). HYDE is an internally consistent combination of historical population estimates and allocation algorithms with time-dependent weighting maps for land use.,Land Cover and Land Use,"historical population,land use,cropland,pasture,holocene,agriculture",v3,https://doi.org/10.17026/dans-25g-gez3,index,Kees Klein Goldewijk,c.g.m.kleingoldewijk@uu.nl,"dans_arch,opengeohub",CC0 1.0,,,,10000,1700-01-01,2016-12-31,1,"9,9,9,9,9,9,9,9,9,9,9,9,9,9,9,9,9,9,9,9,9,9,9,9,9,9,9,9,9,9,0,0,0,0,0,0,0,0,0,0,0,0,0,0,0,0,0",years,interval,0,,https://s3.openlandmap.org/arco/hyde.cropland.sld,https://s3.openlandmap.org/arco/hyde.cropland.qml,https://s3.openlandmap.org/arco/landuse.cropland_hyde_p_10km_s_{dt}_go_epsg.4326_v3.2.tif,,,,,,,,,,,,,,,,,,,,,,,,
landuse.pasture_hyde,0,openlandmap,HYDE annual pasture for the holocene,History Database of the Global Environment (HYDE version 3.2). HYDE is an internally consistent combination of historical population estimates and allocation algorithms with time-dependent weighting maps for land use.,Land Cover and Land Use,"historical population,land use,cropland,pasture,holocene,agriculture",v3,https://doi.org/10.17026/dans-25g-gez3,index,Kees Klein Goldewijk,c.g.m.kleingoldewijk@uu.nl,"dans_arch,opengeohub",CC0 1.0,,,,10000,1700-01-01,2016-12-31,1,"9,9,9,9,9,9,9,9,9,9,9,9,9,9,9,9,9,9,9,9,9,9,9,9,9,9,9,9,9,9,0,0,0,0,0,0,0,0,0,0,0,0,0,0,0,0,0",years,interval,0,,https://s3.openlandmap.org/arco/hyde.cropland.sld,https://s3.openlandmap.org/arco/hyde.cropland.qml,https://s3.openlandmap.org/arco/landuse.pasture_hyde_p_10km_s_{dt}_go_epsg.4326_v3.2.tif,,,,,,,,,,,,,,,,,,,,,,,,
land.use.land.cover_hilda.plus,0,openlandmap,HILDA+ annual land use and land cover change,"HILDA+ (HIstoric Land Dynamics Assessment+) global dataset indicates annual land use/cover change between 1960-2019 at 1 km spatial resolution. It integrates multiple open data streams (from high-resolution remote sensing, long-term land use reconstructions and statistics). It covers six generic land use/cover categories: 1: Urban areas, 2: Cropland, 3: Pasture/rangeland, 4: Forest, 5: Unmanaged grass/shrubland, 6: Sparse/no vegetation.",Land Cover and Land Use,"land cover,land use,land use change,remote sensing",v1,https://doi.org/10.1594/PANGAEA.921846,class,Karina Winkler,karina.winkler@kit.edu,"kit_meteo,opengeohub",CC-BY-4.0,,,,1000,1960-01-01,2019-12-31,1,,years,interval,0,,https://s3.openlandmap.org/arco/land.use.land.cover_hilda.plus.sld,https://s3.openlandmap.org/arco/land.use.land.cover_hilda.plus.qml,https://s3.openlandmap.org/arco/land.use.land.cover_hilda.plus_c_1km_s_{dt}_go_espg.4326_v1.0.tif,,,,,,,,,,,,,,,,,,,,,,,,
lst_mod11a2.daytime.trend.logit.ols.beta,0,openlandmap,MOD11A2 long-term land surface temperature trend (daytime),"Long-term trend analysis of MOD11A2 monthly LST day-time temperatures. Trend was produced by fitting regression models to de-seasonalized time-series. Models are fitted for each pixel and several long-term temporal metrics (alpha, beta, P>|t|, rsqr) has been derived.",Climate,"modis,land surface temperature,trend",v1,https://doi.org/10.5281/zenodo.1420114,slope (ols),Leandro Parente,leandro.parente@opengeohub.org,"lp_daac,opengeohub",CC-BY-SA-4.0,,,modis,1000,2000-01-01,2021-12-31,,,static,interval,1,,https://s3.openlandmap.org/arco/lst_mod11a2.trend.logit.ols.beta_day.sld,https://s3.openlandmap.org/arco/lst_mod11a2.trend.logit.ols.beta_day.qml,https://s3.openlandmap.org/arco/lst_mod11a2.daytime.trend.logit.ols.beta_m_1km_s_{dt}_go_epsg.4326_v1.2.tif,https://s3.openlandmap.org/arco/lst_mod11a2.daytime.trend.logit.ols.beta_p025_1km_s_{dt}_go_epsg.4326_v1.2.tif,https://s3.openlandmap.org/arco/lst_mod11a2.daytime.trend.logit.ols.beta_p975_1km_s_{dt}_go_epsg.4326_v1.2.tif,https://s3.openlandmap.org/arco/lst_mod11a2.daytime.trend.logit.ols.beta_pv_1km_s_{dt}_go_epsg.4326_v1.2.tif,https://s3.openlandmap.org/arco/lst_mod11a2.daytime.trend.logit.ols.beta_sd_1km_s_{dt}_go_epsg.4326_v1.2.tif,https://s3.openlandmap.org/arco/lst_mod11a2.daytime.trend.logit.ols.beta_tv_1km_s_{dt}_go_epsg.4326_v1.2.tif,https://s3.openlandmap.org/arco/lst_mod11a2.daytime.trend.logit.ols.alpha_m_1km_s_{dt}_go_epsg.4326_v1.2.tif,https://s3.openlandmap.org/arco/lst_mod11a2.daytime.trend.logit.ols.alpha_p025_1km_s_{dt}_go_epsg.4326_v1.2.tif,https://s3.openlandmap.org/arco/lst_mod11a2.daytime.trend.logit.ols.alpha_p975_1km_s_{dt}_go_epsg.4326_v1.2.tif,https://s3.openlandmap.org/arco/lst_mod11a2.daytime.trend.logit.ols.alpha_pv_1km_s_{dt}_go_epsg.4326_v1.2.tif,https://s3.openlandmap.org/arco/lst_mod11a2.daytime.trend.logit.ols.alpha_sd_1km_s_{dt}_go_epsg.4326_v1.2.tif,https://s3.openlandmap.org/arco/lst_mod11a2.daytime.trend.logit.ols.alpha_tv_1km_s_{dt}_go_epsg.4326_v1.2.tif,https://s3.openlandmap.org/arco/lst_mod11a2.daytime.trend.logit.ols_r2_1km_s_{dt}_go_epsg.4326_v1.2.tif,,,,,,,,,,,,
lst_mod11a2.nighttime.trend.logit.ols.beta,0,openlandmap,MOD11A2 long-term land surface temperature trend (nighttime),"Long-term trend analysis of MOD11A2 monthly LST night-time temperatures. Trend was produced by fitting regression models to de-seasonalized time-series. Models are fitted for each pixel and several long-term temporal metrics (alpha, beta, P>|t|, rsqr) has been derived.",Climate,"modis,land surface temperature,trend",v1,https://doi.org/10.5281/zenodo.1420114,slope (ols),Leandro Parente,leandro.parente@opengeohub.org,"lp_daac,opengeohub",CC-BY-SA-4.0,,,modis,1000,2000-01-01,2021-12-31,,,static,interval,1,,https://s3.openlandmap.org/arco/lst_mod11a2.trend.logit.ols.beta_night.sld,https://s3.openlandmap.org/arco/lst_mod11a2.trend.logit.ols.beta_night.qml,https://s3.openlandmap.org/arco/lst_mod11a2.nighttime.trend.logit.ols.beta_m_1km_s_{dt}_go_epsg.4326_v1.2.tif,https://s3.openlandmap.org/arco/lst_mod11a2.nighttime.trend.logit.ols.beta_p025_1km_s_{dt}_go_epsg.4326_v1.2.tif,https://s3.openlandmap.org/arco/lst_mod11a2.nighttime.trend.logit.ols.beta_p975_1km_s_{dt}_go_epsg.4326_v1.2.tif,https://s3.openlandmap.org/arco/lst_mod11a2.nighttime.trend.logit.ols.beta_pv_1km_s_{dt}_go_epsg.4326_v1.2.tif,https://s3.openlandmap.org/arco/lst_mod11a2.nighttime.trend.logit.ols.beta_sd_1km_s_{dt}_go_epsg.4326_v1.2.tif,https://s3.openlandmap.org/arco/lst_mod11a2.nighttime.trend.logit.ols.beta_tv_1km_s_{dt}_go_epsg.4326_v1.2.tif,https://s3.openlandmap.org/arco/lst_mod11a2.nighttime.trend.logit.ols.alpha_m_1km_s_{dt}_go_epsg.4326_v1.2.tif,https://s3.openlandmap.org/arco/lst_mod11a2.nighttime.trend.logit.ols.alpha_p025_1km_s_{dt}_go_epsg.4326_v1.2.tif,https://s3.openlandmap.org/arco/lst_mod11a2.nighttime.trend.logit.ols.alpha_p975_1km_s_{dt}_go_epsg.4326_v1.2.tif,https://s3.openlandmap.org/arco/lst_mod11a2.nighttime.trend.logit.ols.alpha_pv_1km_s_{dt}_go_epsg.4326_v1.2.tif,https://s3.openlandmap.org/arco/lst_mod11a2.nighttime.trend.logit.ols.alpha_sd_1km_s_{dt}_go_epsg.4326_v1.2.tif,https://s3.openlandmap.org/arco/lst_mod11a2.nighttime.trend.logit.ols.alpha_tv_1km_s_{dt}_go_epsg.4326_v1.2.tif,https://s3.openlandmap.org/arco/lst_mod11a2.nighttime.trend.logit.ols_r2_1km_s_{dt}_go_epsg.4326_v1.2.tif,,,,,,,,,,,,
lst_mod11a2.daytime.annual,0,openlandmap,MOD11A2 annual land surface temperature (day-time),"Day-time land surface temperature, derived from MOD11A2, yearly aggregated considering three percentiles (p05, p50 and p95) and standard deviation of cloud-free pixels. All months were gapfilled by TMWM, which uses cloud-free pixel values from diferent periods to interpolate the missing values.",Climate,"modis,land surface temperature,monthly",v1,https://doi.org/10.5281/zenodo.1420114,K,Leandro Parente,leandro.parente@opengeohub.org,"lp_daac,opengeohub",CC-BY-SA-4.0,,,modis,1000,2000-01-01,2021-12-31,1,,years,interval,1,,https://s3.openlandmap.org/arco/lst_mod11a2_m.sld,https://s3.openlandmap.org/arco/lst_mod11a2_m.qml,https://s3.openlandmap.org/arco/lst_mod11a2.daytime_p50_1km_s_{dt}_go_epsg.4326_v1.2.tif,https://s3.openlandmap.org/arco/lst_mod11a2.daytime_p05_1km_s_{dt}_go_epsg.4326_v1.2.tif,https://s3.openlandmap.org/arco/lst_mod11a2.daytime_p95_1km_s_{dt}_go_epsg.4326_v1.2.tif,https://s3.openlandmap.org/arco/lst_mod11a2.daytime_sd_1km_s_{dt}_go_epsg.4326_v1.2.tif,,,,,,,,,,,,,,,,,,,,,
lst_mod11a2.nighttime.annual,0,openlandmap,MOD11A2 annual land surface temperature (night-time),"Night-time land surface temperature, derived from MOD11A2, yearly aggregated considering three percentiles (p05, p50 and p95) and standard deviation of cloud-free pixels. All months were gapfilled by TMWM, which uses cloud-free pixel values from diferent periods to interpolate the missing values.",Climate,"modis,land surface temperature,monthly",v1,https://doi.org/10.5281/zenodo.1420114,K,Leandro Parente,leandro.parente@opengeohub.org,"lp_daac,opengeohub",CC-BY-SA-4.0,,,modis,1000,2000-01-01,2021-12-31,1,,years,interval,1,,https://s3.openlandmap.org/arco/lst_mod11a2_m.sld,https://s3.openlandmap.org/arco/lst_mod11a2_m.qml,https://s3.openlandmap.org/arco/lst_mod11a2.nighttime_p50_1km_s_{dt}_go_epsg.4326_v1.2.tif,https://s3.openlandmap.org/arco/lst_mod11a2.nighttime_p05_1km_s_{dt}_go_epsg.4326_v1.2.tif,https://s3.openlandmap.org/arco/lst_mod11a2.nighttime_p95_1km_s_{dt}_go_epsg.4326_v1.2.tif,https://s3.openlandmap.org/arco/lst_mod11a2.nighttime_sd_1km_s_{dt}_go_epsg.4326_v1.2.tif,,,,,,,,,,,,,,,,,,,,,
lst_mod11a2.daytime,0,openlandmap,MOD11A2 monthly land surface temperature (day-time),"Day-time land surface temperature, derived from MOD11A2, monthly aggregated considering three percentiles (p05, p50 and p95) and standard deviation of cloud-free pixels. All months were gapfilled by TMWM, which uses cloud-free pixel values from diferent periods to interpolate the missing values.",Climate,"modis,land surface temperature,monthly",v1,https://doi.org/10.5281/zenodo.1420114,K,Leandro Parente,leandro.parente@opengeohub.org,"lp_daac,opengeohub",CC-BY-SA-4.0,,,modis,1000,2000-01-01,2021-12-31,1,,months,interval,1,,https://s3.openlandmap.org/arco/lst_mod11a2_m.sld,https://s3.openlandmap.org/arco/lst_mod11a2_m.qml,https://s3.openlandmap.org/arco/lst_mod11a2.daytime_p50_1km_s_{dt}_go_epsg.4326_v1.2.tif,https://s3.openlandmap.org/arco/lst_mod11a2.daytime_p05_1km_s_{dt}_go_epsg.4326_v1.2.tif,https://s3.openlandmap.org/arco/lst_mod11a2.daytime_p95_1km_s_{dt}_go_epsg.4326_v1.2.tif,https://s3.openlandmap.org/arco/lst_mod11a2.daytime_sd_1km_s_{dt}_go_epsg.4326_v1.2.tif,,,,,,,,,,,,,,,,,,,,,
lst_mod11a2.nighttime,0,openlandmap,MOD11A2 monthly land surface temperature (night-time),"Night-time land surface temperature, derived from MOD11A2, monthly aggregated considering three percentiles (p05, p50 and p95) and standard deviation of cloud-free pixels. All months were gapfilled by TMWM, which uses cloud-free pixel values from diferent periods to interpolate the missing values.",Climate,"modis,land surface temperature,monthly",v1,https://doi.org/10.5281/zenodo.1420114,K,Leandro Parente,leandro.parente@opengeohub.org,"lp_daac,opengeohub",CC-BY-SA-4.0,,,modis,1000,2000-01-01,2021-12-31,1,,months,interval,1,,https://s3.openlandmap.org/arco/lst_mod11a2_m.sld,https://s3.openlandmap.org/arco/lst_mod11a2_m.qml,https://s3.openlandmap.org/arco/lst_mod11a2.nighttime_p50_1km_s_{dt}_go_epsg.4326_v1.2.tif,https://s3.openlandmap.org/arco/lst_mod11a2.nighttime_p05_1km_s_{dt}_go_epsg.4326_v1.2.tif,https://s3.openlandmap.org/arco/lst_mod11a2.nighttime_p95_1km_s_{dt}_go_epsg.4326_v1.2.tif,https://s3.openlandmap.org/arco/lst_mod11a2.nighttime_sd_1km_s_{dt}_go_epsg.4326_v1.2.tif,,,,,,,,,,,,,,,,,,,,,
landform_usgs.ecotapestry,0,openlandmap,OpenLandMap landform classes,"Layers include: landform (7) indicator maps (0-100%). Derived from the USGS Global Ecosystem Map, i.e. the EcoTapestry map. Water bodies masked out. Antarctica is not included.",Geology and Soils,"landform,terrain",v1,https://doi.org/10.5281/zenodo.1464846,,Tom Hengl,tom.hengl@opengeohub.org,opengeohub,CC-BY-SA-4.0,,,,250,2014-01-01,2014-12-31,,,static,interval,0,,https://s3.openlandmap.org/arco/landform_usgs.ecotapestry_c.sld,https://s3.openlandmap.org/arco/landform_usgs.ecotapestry_c.qml,https://s3.openlandmap.org/arco/landform_usgs.ecotapestry_c_250m_s_{dt}_go_epsg.4326_v1.0.tif,,,,,,,,,,,,,,,,,,,,,,,,
lithology_usgs.ecotapestry,0,openlandmap,OpenLandMap lithology classes,"Layers include: lithology (15) indicator maps (0-100%). Derived from the USGS Global Ecosystem Map, i.e. the EcoTapestry map. Water bodies masked out. Antarctica is not included.",Geology and Soils,"lithology,terrain",v1,https://doi.org/10.5281/zenodo.1464846,,Tom Hengl,tom.hengl@opengeohub.org,opengeohub,CC-BY-SA-4.0,,,,250,2014-01-01,2014-12-31,,,static,interval,0,,https://s3.openlandmap.org/arco/lithology_usgs.ecotapestry_c.sld,https://s3.openlandmap.org/arco/lithology_usgs.ecotapestry_c.qml,https://s3.openlandmap.org/arco/lithology_usgs.ecotapestry_c_250m_s_{dt}_go_epsg.4326_v1.0.tif,,,,,,,,,,,,,,,,,,,,,,,,
grtgroup_usda.soiltax.hapludalfs,0,openlandmap,OpenLandMap Haopludalfs of USDA soil great groups,"Distribution of hapludalfs ofthe USDA soil great groups based on machine learning predictions from global compilation of soil profiles (>350,000 training points).",Geology and Soils,"soil type,usda soil taxonomy,.haplustalfs",v0,https://doi.org/10.5281/zenodo.3528062,,Tom Hengl,tom.hengl@opengeohub.org,opengeohub,CC-BY-SA-4.0,,,,250,1950-01-01,2017-12-31,,,static,interval,0,,https://s3.openlandmap.org/arco/grtgroup_usda.soiltax.hapludalf.sld,https://s3.openlandmap.org/arco/grtgroup_usda.soiltax.hapludalf.qml,https://s3.openlandmap.org/arco/grtgroup_usda.soiltax.hapludalfs_p_250m_s_{dt}_go_epsg.4326_v0.2.tif,,,,,,,,,,,,,,,,,,,,,,,,
biome.type_biome00k,0,openlandmap,Potential distribution of biomes,Potential distribution of biomes (Potential Natural Vegetation) at 250 m spatial resolution based on the BIOME 6000 data set (8057 modern pollen-based site reconstructions). Predicted at 250 m using Ensemble Machine Learning and relief and climate variables representing the climate for the last 20+ years.,Biodiversity and Nature Conservation,"potential natural vegetation,biome",v0,https://doi.org/10.5281/zenodo.3526620,class,Tom Hengl,tom.hengl@opengeohub.org,opengeohub,CC-BY-SA-4.0,,,,250,2000-01-01,2017-12-31,,,static,interval,0,,https://s3.openlandmap.org/arco/biome.type_biome00k_c.sld,https://s3.openlandmap.org/arco/biome.type_biome00k_c.qml,https://s3.openlandmap.org/arco/biome.type_biome00k_c_250m_s_{dt}_go_epsg.4326_v0.2.tif,https://s3.openlandmap.org/arco/biome.type_biome00k_c_1km_s_{dt}_go_epsg.4326_v0.2.tif,,,,,,,,,,,,,,,,,,,,,,,
biomes_biome6k.tropical.evergreen.broadleaf.forest,0,openlandmap,Potential distribution of tropical evergreen broadleaf forest,Probability and uncertainty maps showing the potential current natural vegetation (tropical evergreen broadleaf forest) on a global scale. Current (2022 - 2023) conditions are calculated on historical long term averages (1979 - 2013),Biodiversity and Nature Conservation,"eml,biomes",v20230410,https://doi.org/10.5281/zenodo.7822868,probability,"Bonannella, Carmelo",carmelo.bonannella@opengeohub.org,opengeohub,CC-BY-4.0,,,,1000,1979-01-01,2013-12-31,,,static,interval,0,,https://s3.openlandmap.org/arco/biome_probability_style.sld,https://s3.openlandmap.org/arco/biome_probability_style.qml,https://s3.openlandmap.org/arco/biomes_biome6k.tropical.evergreen.broadleaf.forest_p_1km_a_{dt}_go_epsg.4326_v20230410.tif,https://s3.openlandmap.org/arco/biomes_biome6k.tropical.evergreen.broadleaf.forest_md_1km_a_{dt}_go_epsg.4326_v20230410.tif,,,,,,,,,,,,,,,,,,,,,,,
biomes_biome6k.tropical.evergreen.broadleaf.forest.rcp26,0,openlandmap,Future potential distribution of tropical evergreen broadleaf forest (RCP 2.6),Probability and uncertainty maps showing the potential future natural vegetation (tropical evergreen broadleaf forest) on a global scale. Future projections (RCP 2.6) cover two different epochs: 2041 - 2060 and 2061 - 2080,Biodiversity and Nature Conservation,"eml,biomes,rcp",v20230410,https://doi.org/10.5281/zenodo.7822868,probability,"Bonannella, Carmelo",carmelo.bonannella@opengeohub.org,opengeohub,CC-BY-4.0,,,,1000,2041-01-01,2080-12-31,20,,years,interval,0,,https://s3.openlandmap.org/arco/biome_probability_style.sld,https://s3.openlandmap.org/arco/biome_probability_style.qml,https://s3.openlandmap.org/arco/biomes_biome6k.tropical.evergreen.broadleaf.forest.rcp26_p_1km_a_{dt}_go_epsg.4326_v20230410.tif,https://s3.openlandmap.org/arco/biomes_biome6k.tropical.evergreen.broadleaf.forest.rcp26_md_1km_a_{dt}_go_epsg.4326_v20230410.tif,,,,,,,,,,,,,,,,,,,,,,,
biomes_biome6k.tropical.evergreen.broadleaf.forest.rcp45,0,openlandmap,Future potential distribution of tropical evergreen broadleaf forest (RCP 4.5),Probability and uncertainty maps showing the potential future natural vegetation (tropical evergreen broadleaf forest) on a global scale. Future projections (RCP 4.5) cover two different epochs: 2041 - 2060 and 2061 - 2080,Biodiversity and Nature Conservation,"eml,biomes,rcp",v20230410,https://doi.org/10.5281/zenodo.7822868,probability,"Bonannella, Carmelo",carmelo.bonannella@opengeohub.org,opengeohub,CC-BY-4.0,,,,1000,2041-01-01,2080-12-31,20,,years,interval,0,,https://s3.openlandmap.org/arco/biome_probability_style.sld,https://s3.openlandmap.org/arco/biome_probability_style.qml,https://s3.openlandmap.org/arco/biomes_biome6k.tropical.evergreen.broadleaf.forest.rcp45_p_1km_a_{dt}_go_epsg.4326_v20230410.tif,https://s3.openlandmap.org/arco/biomes_biome6k.tropical.evergreen.broadleaf.forest.rcp45_md_1km_a_{dt}_go_epsg.4326_v20230410.tif,,,,,,,,,,,,,,,,,,,,,,,
biomes_biome6k.tropical.evergreen.broadleaf.forest.rcp85,0,openlandmap,Future potential distribution of tropical evergreen broadleaf forest (RCP 8.5),Probability and uncertainty maps showing the potential future natural vegetation (tropical evergreen broadleaf forest) on a global scale. Future projections (RCP 8.5) cover two different epochs: 2041 - 2060 and 2061 - 2080,Biodiversity and Nature Conservation,"eml,biomes,rcp",v20230410,https://doi.org/10.5281/zenodo.7822868,probability,"Bonannella, Carmelo",carmelo.bonannella@opengeohub.org,opengeohub,CC-BY-4.0,,,,1000,2041-01-01,2080-12-31,20,,years,interval,0,,https://s3.openlandmap.org/arco/biome_probability_style.sld,https://s3.openlandmap.org/arco/biome_probability_style.qml,https://s3.openlandmap.org/arco/biomes_biome6k.tropical.evergreen.broadleaf.forest.rcp85_p_1km_a_{dt}_go_epsg.4326_v20230410.tif,https://s3.openlandmap.org/arco/biomes_biome6k.tropical.evergreen.broadleaf.forest.rcp85_md_1km_a_{dt}_go_epsg.4326_v20230410.tif,,,,,,,,,,,,,,,,,,,,,,,
biomes_biome6k.tropical.savanna,0,openlandmap,Potential distribution of tropical savanna,Probability and uncertainty maps showing the potential current natural vegetation (tropical savanna) on a global scale. Current (2022 - 2023) conditions are calculated on historical long term averages (1979 - 2013),Biodiversity and Nature Conservation,"eml,biomes",v20230410,https://doi.org/10.5281/zenodo.7822868,probability,"Bonannella, Carmelo",carmelo.bonannella@opengeohub.org,opengeohub,CC-BY-4.0,,,,1000,1979-01-01,2013-12-31,,,static,interval,0,,https://s3.openlandmap.org/arco/biome_probability_style.sld,https://s3.openlandmap.org/arco/biome_probability_style.qml,https://s3.openlandmap.org/arco/biomes_biome6k.tropical.savanna_p_1km_a_{dt}_go_epsg.4326_v20230410.tif,https://s3.openlandmap.org/arco/biomes_biome6k.tropical.savanna_md_1km_a_{dt}_go_epsg.4326_v20230410.tif,,,,,,,,,,,,,,,,,,,,,,,
biomes_biome6k.tropical.savanna.rcp26,0,openlandmap,Future potential distribution of tropical savanna (RCP 2.6),Probability and uncertainty maps showing the potential future natural vegetation (tropical savanna) on a global scale. Future projections (RCP 2.6) cover two different epochs: 2041 - 2060 and 2061 - 2080,Biodiversity and Nature Conservation,"eml,biomes,rcp",v20230410,https://doi.org/10.5281/zenodo.7822868,probability,"Bonannella, Carmelo",carmelo.bonannella@opengeohub.org,opengeohub,CC-BY-4.0,,,,1000,2041-01-01,2080-12-31,20,,years,interval,0,,https://s3.openlandmap.org/arco/biome_probability_style.sld,https://s3.openlandmap.org/arco/biome_probability_style.qml,https://s3.openlandmap.org/arco/biomes_biome6k.tropical.savanna.rcp26_p_1km_a_{dt}_go_epsg.4326_v20230410.tif,https://s3.openlandmap.org/arco/biomes_biome6k.tropical.savanna.rcp26_md_1km_a_{dt}_go_epsg.4326_v20230410.tif,,,,,,,,,,,,,,,,,,,,,,,
biomes_biome6k.tropical.savanna.rcp45,0,openlandmap,Future potential distribution of tropical savanna (RCP 4.5),Probability and uncertainty maps showing the potential future natural vegetation (tropical savanna) on a global scale. Future projections (RCP 4.5) cover two different epochs: 2041 - 2060 and 2061 - 2080,Biodiversity and Nature Conservation,"eml,biomes,rcp",v20230410,https://doi.org/10.5281/zenodo.7822868,probability,"Bonannella, Carmelo",carmelo.bonannella@opengeohub.org,opengeohub,CC-BY-4.0,,,,1000,2041-01-01,2080-12-31,20,,years,interval,0,,https://s3.openlandmap.org/arco/biome_probability_style.sld,https://s3.openlandmap.org/arco/biome_probability_style.qml,https://s3.openlandmap.org/arco/biomes_biome6k.tropical.savanna.rcp45_p_1km_a_{dt}_go_epsg.4326_v20230410.tif,https://s3.openlandmap.org/arco/biomes_biome6k.tropical.savanna.rcp45_md_1km_a_{dt}_go_epsg.4326_v20230410.tif,,,,,,,,,,,,,,,,,,,,,,,
biomes_biome6k.tropical.savanna.rcp85,0,openlandmap,Future potential distribution of tropical savanna (RCP 8.5),Probability and uncertainty maps showing the potential future natural vegetation (tropical savanna) on a global scale. Future projections (RCP 8.5) cover two different epochs: 2041 - 2060 and 2061 - 2080,Biodiversity and Nature Conservation,"eml,biomes,rcp",v20230410,https://doi.org/10.5281/zenodo.7822868,probability,"Bonannella, Carmelo",carmelo.bonannella@opengeohub.org,opengeohub,CC-BY-4.0,,,,1000,2041-01-01,2080-12-31,20,,years,interval,0,,https://s3.openlandmap.org/arco/biome_probability_style.sld,https://s3.openlandmap.org/arco/biome_probability_style.qml,https://s3.openlandmap.org/arco/biomes_biome6k.tropical.savanna.rcp85_p_1km_a_{dt}_go_epsg.4326_v20230410.tif,https://s3.openlandmap.org/arco/biomes_biome6k.tropical.savanna.rcp85_md_1km_a_{dt}_go_epsg.4326_v20230410.tif,,,,,,,,,,,,,,,,,,,,,,,
lc_glc.fcs30d,0,openlandmap,GLC_FCS30D annual land land-cover dynamic monitoring product,"GLC_FCS30D is the first global fine land cover dynamic product at a 30-meter resolution that adopts continuous change detection. It utilizes a refined classification system containing 35 land-cover categories and covers the time span from 1985 to 2022. Before the year 2000, the update cycle was every 5 years, while after 2000, it is updated annually. In specific, it developed by combining the continuous change detection method, local adaptive updating models and the spatiotemporal optimization algorithm from dense time-series Landsat imagery, and was validated to achieve an overall accuracy of 80.88% (±0.27%) for the basic classification system 10 major land-cover types) and 73.24% (±0.30%) for the LCCS level-1 validation system (17 LCCS land-cover types).",Land Cover and Land Use,"glc_fcs30,global land cover,fine classification system,landsat,google earth engine",v20231026,https://doi.org/10.5281/zenodo.8239305,class,"Liangyun,Liu",liuly@radi.ac.cn,"china_scie,opengeohub",CC-BY-4.0,,,,30,1985-01-01,2022-12-31,1,"4,4,4,0,0,0,0,0,0,0,0,0,0,0,0,0,0,0,0,0,0,0,0,0,0,0",years,interval,0,,https://s3.openlandmap.org/arco/glc_fcs30d.sld,https://s3.openlandmap.org/arco/glc_fcs30d.qml,https://s3.openlandmap.org/arco/lc_glc.fcs30d_c_30m_s_{dt}_go_epsg.4326_v20231026.tif,,,,,,,,,,,,,,,,,,,,,,,,
nightlights.average_viirs.v21,0,openlandmap,VIIRS annual nighttime lights,"The Annual Visible Night Light (VNL) V2 (VIIRS) images at 500-m spatial resolution for the period 2012 to 2021 (Elvidge et al., 2021) have been used to extrapolate the values backwards for years 2000–2011. This was done by fitting a logistic regression (per pixel) and then predicting the values for the previous years. Use with caution: extrapolation of values can lead to artifacts. For most of the land surface, however, it appears that the growth of night lights follows exponential growth function and hence nights in the past can be represented accurately by fitting decay / logistic regression function.",Orthoimagery,"ligths night,urbanization,viirs",v20230823,https://doi.org/10.5281/zenodo.8277198,proportion,Tom Hengl,tom.hengl@opengeohub.org,opengeohub,CC-BY-4.0,,Suomi NPP,VIIRS,500,2000-01-01,2021-12-31,1,,years,interval,0,,https://s3.openlandmap.org/arco/nightlights.average_viirs.v21.sld,https://s3.openlandmap.org/arco/nightlights.average_viirs.v21.qml,https://s3.openlandmap.org/arco/nightlights.average_viirs.v21_m_500m_s_{dt}_go_epsg.4326_v20230823.tif,,,,,,,,,,,,,,,,,,,,,,,,
nightlights.difference_viirs.v21,0,openlandmap,VIIRS long-term nighttime lights difference,"This dataset was derived by difference between average of the years 2020 / 2021 and years 2000 / 2021, showing an average rate of change for the 22 years period. Use with caution: extrapolation of values can lead to artifacts. For most of the land surface, however, it appears that the growth of night lights follows exponential growth function and hence nights in the past can be represented accurately by fitting decay / logistic regression function.",Orthoimagery,"ligths night,urbanization,viirs",v20230823,https://doi.org/10.5281/zenodo.8277198,proportion,Tom Hengl,tom.hengl@opengeohub.org,opengeohub,CC-BY-4.0,,Suomi NPP,VIIRS,500,2000-01-01,2021-12-31,,,static,interval,0,,https://s3.openlandmap.org/arco/nightlights.difference_viirs.v21.sld,https://s3.openlandmap.org/arco/nightlights.difference_viirs.v21.qml,https://s3.openlandmap.org/arco/nightlights.difference_viirs.v21_m_500m_s_{dt}_go_epsg.4326_v20230823.tif,,,,,,,,,,,,,,,,,,,,,,,,